-- MySQL dump 10.10
--
-- Host: localhost    Database: spring
-- ------------------------------------------------------
-- Server version	5.0.26-community-nt

/*!40101 SET @OLD_CHARACTER_SET_CLIENT=@@CHARACTER_SET_CLIENT */;
/*!40101 SET @OLD_CHARACTER_SET_RESULTS=@@CHARACTER_SET_RESULTS */;
/*!40101 SET @OLD_COLLATION_CONNECTION=@@COLLATION_CONNECTION */;
/*!40101 SET NAMES utf8 */;
/*!40103 SET @OLD_TIME_ZONE=@@TIME_ZONE */;
/*!40103 SET TIME_ZONE='+00:00' */;
/*!40014 SET @OLD_UNIQUE_CHECKS=@@UNIQUE_CHECKS, UNIQUE_CHECKS=0 */;
/*!40014 SET @OLD_FOREIGN_KEY_CHECKS=@@FOREIGN_KEY_CHECKS, FOREIGN_KEY_CHECKS=0 */;
/*!40101 SET @OLD_SQL_MODE=@@SQL_MODE, SQL_MODE='NO_AUTO_VALUE_ON_ZERO' */;
/*!40111 SET @OLD_SQL_NOTES=@@SQL_NOTES, SQL_NOTES=0 */;

--
-- Table structure for table `tbl_boat_states`
--

DROP TABLE IF EXISTS `tbl_boat_states`;
CREATE TABLE `tbl_boat_states` (
  `state_id` int(3) NOT NULL default '0',
  `description` varchar(50) default NULL,
  `can_reserve` int(1) default NULL,
  PRIMARY KEY  (`state_id`)
) ENGINE=MyISAM DEFAULT CHARSET=latin1;

--
-- Dumping data for table `tbl_boat_states`
--

LOCK TABLES `tbl_boat_states` WRITE;
/*!40000 ALTER TABLE `tbl_boat_states` DISABLE KEYS */;
INSERT INTO `tbl_boat_states` VALUES (1,'Habilitado',1),(2,'En Reparaciones',0),(3,'En Regata',0),(4,'En Entrenamiento Regata',0);
/*!40000 ALTER TABLE `tbl_boat_states` ENABLE KEYS */;
UNLOCK TABLES;

--
-- Table structure for table `tbl_boats`
--

DROP TABLE IF EXISTS `tbl_boats`;
CREATE TABLE `tbl_boats` (
  `boat_id` int(3) NOT NULL default '0',
  `name` varchar(100) default NULL,
  `state_id` int(3) default NULL,
  `state_date_from` datetime default NULL,
  `state_date_to` datetime default NULL,
  `state_comments` varchar(255) default NULL,
  PRIMARY KEY  (`boat_id`),
  KEY `state_id` (`state_id`)
) ENGINE=MyISAM DEFAULT CHARSET=latin1;

--
-- Dumping data for table `tbl_boats`
--

LOCK TABLES `tbl_boats` WRITE;
/*!40000 ALTER TABLE `tbl_boats` DISABLE KEYS */;
INSERT INTO `tbl_boats` VALUES (1,'Primavera',2,NULL,NULL,'Vendido!!!'),(2,'Frana',1,NULL,NULL,'Pruebas de sistema - NO RESERVAR');
/*!40000 ALTER TABLE `tbl_boats` ENABLE KEYS */;
UNLOCK TABLES;

--
-- Table structure for table `tbl_document_types`
--

DROP TABLE IF EXISTS `tbl_document_types`;
CREATE TABLE `tbl_document_types` (
  `document_type_id` int(3) NOT NULL default '0',
  `description` varchar(50) default NULL,
  PRIMARY KEY  (`document_type_id`)
) ENGINE=MyISAM DEFAULT CHARSET=latin1;

--
-- Dumping data for table `tbl_document_types`
--

LOCK TABLES `tbl_document_types` WRITE;
/*!40000 ALTER TABLE `tbl_document_types` DISABLE KEYS */;
INSERT INTO `tbl_document_types` VALUES (1,'DNI'),(2,'CI');
/*!40000 ALTER TABLE `tbl_document_types` ENABLE KEYS */;
UNLOCK TABLES;

--
-- Table structure for table `tbl_menu_group`
--

DROP TABLE IF EXISTS `tbl_menu_group`;
CREATE TABLE `tbl_menu_group` (
  `menu_group_id` int(3) NOT NULL default '0',
  `description` varchar(50) default NULL,
  PRIMARY KEY  (`menu_group_id`)
) ENGINE=MyISAM DEFAULT CHARSET=latin1;

--
-- Dumping data for table `tbl_menu_group`
--

LOCK TABLES `tbl_menu_group` WRITE;
/*!40000 ALTER TABLE `tbl_menu_group` DISABLE KEYS */;
INSERT INTO `tbl_menu_group` VALUES (1,'Administracion'),(2,'Cuenta Corriente'),(3,'Reservas'),(4,'Reportes');
/*!40000 ALTER TABLE `tbl_menu_group` ENABLE KEYS */;
UNLOCK TABLES;

--
-- Table structure for table `tbl_menu_item`
--

DROP TABLE IF EXISTS `tbl_menu_item`;
CREATE TABLE `tbl_menu_item` (
  `menu_item_id` int(3) NOT NULL default '0',
  `description` varchar(50) default NULL,
  `target_url` varchar(255) default NULL,
  `target` varchar(50) default NULL,
  `menu_group_id` int(3) default NULL,
  `menu_order` int(2) default NULL,
  PRIMARY KEY  (`menu_item_id`),
  KEY `menu_group_id` (`menu_group_id`)
) ENGINE=MyISAM DEFAULT CHARSET=latin1;

--
-- Dumping data for table `tbl_menu_item`
--

LOCK TABLES `tbl_menu_item` WRITE;
/*!40000 ALTER TABLE `tbl_menu_item` DISABLE KEYS */;
INSERT INTO `tbl_menu_item` VALUES (1,'Usuarios','USERS_MAIN','bodyFrame',1,1),(2,'Barcos','BOATS_MAIN','bodyFrame',1,2),(3,'Reservas','ADMIN_RESERVATION_MAIN','bodyFrame',1,3),(4,'Parametros','PARAMETERS_MAIN','bodyFrame',1,5),(14,'Mensajes','MESSAGES_ADMIN_MAIN','bodyFrame',1,4),(5,'Ingresos Reservas','RESERVATION_INCOME_MAIN','bodyFrame',2,1),(6,'Otros Ingresos','OTHER_INCOME_MAIN','bodyFrame',2,2),(7,'Egresos','EXPENSE_MAIN','bodyFrame',2,3),(8,'Cuenta Corriente','CURRENT_ACCOUNT_MAIN','bodyFrame',2,4),(9,'Reservas','USER_RESERVATION_MAIN','bodyFrame',3,2),(10,'Mensajes','MESSAGES_MAIN','bodyFrame',3,3),(11,'Mis Datos','MY_PROFILE_MAIN','bodyFrame',3,4),(12,'Pagina Principal','HOME_MAIN','bodyFrame',3,1),(13,'Reportes','REPORTS_MAIN','bodyFrame',4,1);
/*!40000 ALTER TABLE `tbl_menu_item` ENABLE KEYS */;
UNLOCK TABLES;

--
-- Table structure for table `tbl_messages`
--

DROP TABLE IF EXISTS `tbl_messages`;
CREATE TABLE `tbl_messages` (
  `message_id` int(10) NOT NULL auto_increment,
  `user_id` int(10) default NULL,
  `date` datetime default NULL,
  `message` text,
  PRIMARY KEY  (`message_id`),
  KEY `user_id` (`user_id`)
) ENGINE=MyISAM AUTO_INCREMENT=90 DEFAULT CHARSET=latin1;

--
-- Dumping data for table `tbl_messages`
--

LOCK TABLES `tbl_messages` WRITE;
/*!40000 ALTER TABLE `tbl_messages` DISABLE KEYS */;
INSERT INTO `tbl_messages` VALUES (1,40,'2004-12-06 09:23:11','Saqué el barco el domingo. Llené el bidón de 10L con la mezcla de nafta y aceite. El motor anda más o menos.\r\nHabría que pasar bien todos los cabos que faltan por la botavara.\r\nSaludos,\r\nMariano'),(2,65,'2005-01-14 15:27:02','A partir de hoy, Viernes 14 de Enero, los socios de AGITBA pueden reservar y sacar el barco; no asi, quienes NO sean socios de AGITBA.\r\nLos socios del CEITBA, siempre pudieron hacerlo, no asi los NO socios de CEITBA.'),(3,26,'2005-01-31 00:31:45','Salí con el Primavera el fin de semana anterior. Encontré al velero en excelentes condiciones y muy ordenado.'),(4,52,'2005-02-19 20:00:50','Encontre la nuez (dientes) de la escota de mayor rota. Tener mucho cuidado porque a veces la escota se fila sola. Queda muy poca nafta.'),(5,34,'2005-02-23 15:17:15','Para el domingo 20/02 tenía reservado el barco e iba a cargarle nafta pero por problemas personales no pude ir así que el barco sigue sin nafta.'),(6,60,'2005-03-04 17:37:32','Saque el barco el jueves.  Puse 4 litros de nafta.\r\nEl \"mango\" del motor tenia una cinta aisladora amarilla que estaba arreglando provisoriamente el acelerador del motor.  Eso estaba suelto, por lo que lo repare, pero necesita ser arreglado definitivamente.  Mas alla de esto encontre todo bien.'),(7,5,'2005-03-14 14:30:44','Saqué el Primavera este sábado y encontré todo Ok, salvo que el motor perdía un poco de nafta (noté una mancha en el agua al darle arranque). El velero estaba abierto con las llaves guardadas en un balde, lo dejé como lo encontré.\r\nSaludos!'),(8,65,'2005-04-03 18:41:19','Les cuento que compre Dramamine. Esta en el botiquin.'),(9,5,'2005-04-04 14:19:38','El sábado 2 por la mañana tenía reservado el velero, pero finalmente por cuestiones personales no pude ir a sacarlo.\r\nSaludos.'),(10,15,'2005-05-02 13:36:48','Ayer 1/5 por la mañana intenté salir con el barco pero me topé con varios problemas. Al llegar no estaban la llaves en marinería. El botero me comentó que podría estar abierto. Al llegar al Primavera vimos que no sólo estaba abierto sino que no estaba la puerta puesta y la tapa no estaba cerrada....\r\nLuego de esto notamos que la botavara no estaba!!!! la busqué por todo el barco pero sin suerte. Como adicional traté de encender el motor durante 1/2 hora pero fue imposible. Al sacarle la tapa noté que hay una pérdida de nafta interna muy notable, no sé si sea esto u otra cosa, pero no está en buen estado.\r\nResultado salida frustrada. Les paso el aviso para que están preavisado por si quieren salir uno de estos días. Slds, Hernán M.'),(11,65,'2005-05-06 14:42:11','Hoy pase por el club y la botavara estaba puesta. No se quien la habia sacado, pues nadie me avisó. Con respecto al motor, es posible que sea porque la ultima vez que fue usado, no le desconectaron la alimentación de nafta. Por favor, tener cuidado con ello. En definitiva, el barco se puede usar.'),(12,34,'2005-05-07 17:34:10','Hoy a la mañana salí en el Primavera. Encontré el barco muy desordenado y sucio. El motor arrancó de una, no tuve problemas pero está un poco acelerado, hay que tener cuidado de no ahogarlo. Antes de irnos limpiamos la borda y ordenamos los cabos y velas.'),(13,6,'2005-05-09 11:10:03','Hola\r\nEl sabado a la tarde saque el barco. Lo encontre ordenado, y lo deje en las mismas condiciones. El tanque de nafta esta vacio, cuando estaba saliendo con el barco me quede sin nafta apenas sali y tuve que salir y entrar a vela.\r\nLa mayor de regatas no tiene la guia que se engancha en la botavara para fijar el puño de escota'),(14,5,'2005-05-16 11:18:32','Este Domingo fui a sacar el Primavera y estaba todo en orden, salvo que no había nafta. Llené el tanque con 10 litros, pero cuando estaba saliendo del club empezó a llover así que dimos la vuelta y finalmente no salimos a navegar.\r\nSaludos.'),(15,13,'2005-05-22 19:19:26','Saqué el primavera el domingo, el motor encendió pero se apagó antes de salir del puerto y luego no encendió más, por lo cual salimos y entramos a vela. \r\nLa mordaza de la escota de mayor habría que cambiarla porque está rota. \r\nEl resto está todo en orden.\r\n\r\nSaludos.\r\n\r\nAgustin Resio'),(16,37,'2005-08-08 16:28:01','En las vacaciones de invierno sali con el velero. La condicion en la que lo encontre no fue buena, el motor estaba en el agua (con lo cual tenia depositados algas y algo de oxido) y sin funda, el tanque de nafta estaba afuera en el cockpit, sin nafta y con  la manguera colgano hacia fuera de borda.\r\nEsto no estaba informado en los mensajes con lo que NO llevè NAFTA, y por ende tuve que salir a vela y regresar de la misma manera.\r\n\r\nEl problema de la mordaza de la mayor tambien hay que solucionarlo ya que no puede retener la driza de la mayor cuando hay poco viento.\r\n\r\nRevisando a los que utilizaron por ultima vez el velero, encontrè que habian sido los del curso del YCA con lo que se les deberia recalcar mas insistentemente que dejen el velero en condiciones y recarguen el tanque cuando lo utilizen, y en ùltima instancia que expresen por este medio en las condiciones que lo dejan.'),(17,59,'2005-10-03 12:02:10','El domingo 2/10 a la tarde saqué el barco.  El tanque de nafta estaba vació, así que compré 5 litros y 200 cm3 de aceite que le tiré junto con 50 cm3 que quedaban en un frasquito negro.  Las bridas de la manguera de alimentación de combustible esaban flojas y al apretar la perita entraaba aire.  Ajusté todo y la perita ahora anda bien.  De todos modos ni el arreglo de la perita ni la compra de nafta sirvió para nada, porque el motor nunca arrancó.'),(18,40,'2005-10-07 00:18:39','Santiago,\r\n\r\nSe viene el verano y sería bueno poder resolver el problema del motor. Si necesitas ayuda con algo avisame. Todavía sigue en pie la propuesta del departamento de Ing Mecánica para darle una revisada al motor?\r\nSaludos'),(19,79,'2005-10-08 13:45:34','Hola a todos, en este caso, mas alla de otros problemas que pueda tener el motor, seguro que no va a arrancar porque la mezcla correcta es al 2%, es decir que para 5 l de nafta corresponden 100 cc de aceite. Como la mezcla esta mas del doble de rica, el proximo tiene que echarle unos 7-8 l de nafta SIN aceite y limpiarle las bujias porque deben haberse empastado. Mientras tanto, no hay que darle arranque porque se va a empastar peor (y seguro no va a arrancar).\r\n\r\nYo probablemente lo saque en estos dias, en ese caso le completo la nafta que falta y aviso por aca\r\n\r\nSaludos!'),(22,80,'2005-11-08 04:42:16','Algunas nuevas, creemos que buenas !\r\nContinuando la gestión de Santiago que nos ayudará hasta Marzo \'06, formamos recientemente una comisión náutica integrada por Juan Gaibisso, Ezequiel Gomez Balaguer y Agustín Ressio.\r\nLa misión por ahora es tener bien nauta al Primavera, ya estamos cursando un par de presupuestos para dejarlo en condiciones con la espectativa / proyecto de que se pueda reservar por el finde semana a Colonia. Claro está hay que laburar mucho para esto!.\r\nEl sábado nos juntamos con Eze y Agustín y aparte de limpiar / relevar y ordenar estuvimos viendo temas varios como la mordaza de la escota de mayor, la driza de genoa que no superó el invierno, etc. \r\nTambien vimos el tema del motor, con mal pronóstico ya que verificamos chispa, nafta al carburardor, etc, pero las bujias quedan secas. Presumiblemente hay que limpiar el carburador (un mikuni creo...) y más bien sacar todo el motor para una revisada completa. El que se anime y sepa como, avise! Si no, tendremos un importante egreso de gastos de mantenimiento, ya que en estos temas de motores fuera de borda te rompen la cabeza...\r\nEn noviembre, exámenes y agendas de cada uno disponibles nos juntaremos algún turno de finde para seguir laburando, si querés colaborar manda un mail a elprimavera@yahoogroups.com\r\nSin más noticias por el momento, y como dice Santiago, buenos vientos!\r\nSlds\r\n\r\nMart´n'),(23,18,'2005-11-09 18:54:55','El fin de semana 12 y 13 realizaremos con la escuela, el crucero instructio Dársena - San Fernando - Dársena, por ese motivo reservamos el primavera, el fin de semana completo cuando en general la escuela no usa el barco durante el fin de semana.\r\nSi queres navegar podes prenderte en la navegación que vamos a realizar.\r\nO quiza a último momento debamos precindir del barco en todo caso si queres acompañarnos o saber si finalmente liberamos el barco comunicate con nosotros.\r\n\r\n1551775253\r\nEscuela YCA\r\nLuis Chino Hernández'),(27,80,'2005-11-17 22:06:24','Nuevas nuevas!\r\nLa gente de Mecanica del ITBA nos dio una mano y ya esta casi ok el motor, digo casi porque si bien arranca con cebador y tiene buena potencia, en mi opinion necesita todavia un ajuste de los chicleres de baja y alta. Como para que este 5/5 y sea tirar de la soguita...\r\n\r\nPongámonos todos las pilas y cuidemos de apagarlo sin que quede nafta en el carburador. \r\nEl procedimiento de siempre: cuando lo dejas de usar ya amarrado (al final de tu salida), le desconectás la bayoneta - manguerita - tanque y lo dejas en punto muerto a 1/2 maquina para que se apague por falta de nafta. es facil!\r\nLe vas a simplificar el arranque al próxmo que podrias ser vos, y a nosotros el garron de sacarlo llevarlo al ITBA o pagar una costosa limpeza en Suzuki San Fernando!\r\n\r\nBTW, El Primavera vuelve estar operativo para reservas pero probablemente lo tengamos que llevar varias salidas a Nuñez para presupuestos de fondo, jarcia y cabuyeria.\r\nMandanos un mail si queres colaborar.\r\nSlds\r\n\r\nMart´n'),(26,80,'2005-11-13 20:06:12','Pasamos a estado !\"reparaciones\" para poder si Dios y patrocinantes quieren tener a el \"Primavera\" en buenas condiciones para Diciembre 05/Verano 06. \r\nLa prioridad es actualmente obtener presupuestos y arreglar cosas urgentes como el motor, revisar la jarcia y cambiar mordazas y drizas.\r\n\r\nSin tener presupuestos antes de Dic, no tendremos fondos hasta Marzo/Abril del 2006!!\r\nSin tener el barco en las minimas condiciones, su uso será arriesgado con probabilidades de una rotura del stay  proel, su lambda, alguna driza o no poder entrar a motor con mal clima.\r\n\r\nSi querés colaborar envía un mail a ElPrimavera@yahoogroups.com\r\nSlds,\r\n\r\nComisión Náutica ITBA'),(28,80,'2005-11-27 20:00:41','No usar el motor hasta nuevo aviso!, no circula agua para refrigerarlo. \r\nSlds\r\n\r\nMartin'),(33,34,'2006-02-01 20:48:58','El Domingo salimos en el Primavera. Lo encontramos muy bien, muy buenos los arreglos que le hicieron. El motor arrancó después de un par de tiradas. Hay que tener cuidado de no ahogarlo y de quemar la nafta del carburador al apagarlo. Tuvimos muy buenos vientos. A la vuelta dejamos todo ordenado. Las llaves están en el tambucho de popa.'),(34,43,'2006-02-19 21:06:34','Hola!\r\nhoy sali con el primavera y no tuve ningun problema salvo que no me arrancaba el motor, pero al final vino el mecanico y arranco. Sali todo bien y a la vuelta el motor tuvo el mismo problema, por lo que quede unos minutos sin gobierno y el casco toco unos minutos las piedras del puerto, sin ningun problema visible salvo me imagino algun raspon en el fondo. El tema fue que en ese momento el bichero cayo a las piedras, por lo que el primavera quedo sin bichero. Aviso por si alguien va para que sepan que no hay bichero. Igualmente voy a ver si mañana mismo lo repongo asi lo dejo completo. Apenas lo ponga, aviso por este medio que ya esta listo.\r\nSaludos y buenos vientos!'),(32,80,'2005-12-30 23:25:57','Importante:\r\nEl Primavera está con Llave!\r\nPor ahora estan dentro...\r\ndel tambucho de popa (a estribor) que está sin candado, con el tanque de nafta. Poximamente cambiaremos el protocolo de llaves a marineria y tanque de nafta a depósito en tierra.\r\n\r\nReparamos el motor, favor de usarlo tranqui y controlar el alcahuete de agua, esta cachuso pero es el unico que tenemos!!! y sale bien caro repararlo...\r\n\r\nCambiamos tambien a nuevo \r\n1.- la mordaza de escota mayor, cornamusa de babor,\r\n2.- la driza de genoa, llevar guantes ...no teniamos $ para 8mm compramos 6mm.\r\n3.- la antena del VHF, \r\n4.- luz de tope, \r\n5.- Cornamusas. No tiene la cornamusa de popa estribor.\r\n6.- Cierres del copkit y tambucho popa\r\n7.- Rotor de la bomba de agua, filtro de nafta y esta reparado el venteo del tanque y el trimeo de la pata del suzuki\r\n\r\nImportante: Apagar el tablero al usar el motor!!! no se si lo conecté bien...\r\n\r\nBuenos vientos!!!'),(35,43,'2006-02-24 01:32:26','Muchachos el primavera tiene nuevo bichero! Se lo deje al marinero que me confirmo que lo dejaba en el primavera cuando saliera\r\nSaludos!'),(36,80,'2006-03-14 16:10:31','Bueno, continuando el mail que enviaramos con Eze y Agus, les queremos comentar los siguientes pasos:\r\n\r\n1.- El Rector nos aprobo arreglar el fondo, la jarcia y la piña de proa y probablemnte empezemos esto antes del fin de Marzo.\r\n2.- Con respecto a este sitio web la idea es migrarlo al site del Ceitba ya que como esta en el port 8081 muchos tenemos problemas para acceder. Ademas es lo que corresponde agradeciendo mucho estos años que nos banco Mariano Capurro ;-)\r\n3.- Con respecto a los saldos en cada cuenta de usuario, intentaremos solucionar las irregularidades, los que deban (tengan credito negativo) por favor avisen para ver como arreglamos, probablemte lo mejor seria que si aportan lo adeudado se lo tomemos como credito positivo para realizar reservas.\r\n4.- Queremos actualizar los valores de las reservas, realmente con $ 20 no podemos hacer nada, los items nauticos repuestos, nafta estan casi el doble triple que en 1996, donde definimos estos valores. La idea es hacer un solo turno en otoño/invierno y diferenciar el turno mañana de la tarde en el verano, nos damos cuenta que nadie le gusta levantarse temprano...\r\n\r\nCualquier duda, sugerencia o comentario la pasan a ElPrimavera@yahoogroups.com, que nos llega via email a los tres y lo contestamos.\r\nSlds\r\n\r\nM;O'),(37,79,'2006-05-01 19:58:43','PRIMAVERA EN VARADERO\r\n\r\nHola a todos, hoy fue llevado el barco al CVB para hacerle la reparacion grande de fondo, jarcia y rumbo en la roda, que estimamos va a durar unos dos meses.\r\n\r\nDurante ese lapso aprovecharemos para poner en orden diversas cuestiones administrativas del barco que ya les iremos informando, asi como efectuar otras reparaciones mas sencillas que se hacen con mucha mayor facilidad afuera del agua\r\n\r\nSaludos para todos!'),(38,40,'2006-06-03 17:12:25','Gente, imagino que dentro de unos dos meses voy a tener más tiempo para poder darle bola al tema del barco. Sobre todo en lo que respecta al sistema de reservas.\r\nMis metas con respecto al sistema son:\r\n\r\n1) Poder hacer correr el mismo en la facultad o en algún otro lugar. Hoy corre en casa, detrás de una conexión de Fibertel y en un puerto alto (o sea, mucha gente no puede entrar al puerto 8081)\r\n\r\n2) Empezar a agregar mejoras o nuevas funcionalidades que ayuden a administrar mejor el barco.\r\n\r\nPara ambos punto escucho propuestas. El sistema actual corre en un servidor Tomcat y utiliza como base de datos MySQL. Por lo tanto es bastante multiplataforma.\r\n\r\nSaludos!!!'),(39,80,'2006-07-22 21:39:29','Con la reparaciones de fondo, Proa, motor y parte de la jarcia el Primavera te esta esperando a que lo saques a disfruar una tarde de estas!\r\n\r\nEl motor quedo 10 puntos, solo resta que lo cuidemos y no dejarlo con nafta. \r\nNotaras que el soporte es el mismo de antes pero con una madera nueva. \r\nTambien que esta muy duro para orientarlo, la idea es que maniobremos con el timon, nunca con el motor!\r\n\r\nComo todavia no hay fondos en caja para comprar buenas fundas y carpa, estamos usando provisoriamente la funda del foque para cuidar la caña. \r\n\r\nTambien pusimos en orden la cuenta corriente, si crees que tenias un mayor saldo avisanos y lo vemos. \r\nDespues de dejarla en cero, ingresamos y egresamos tambien los USD$ 1.000 que costaron estos arreglos, que fueron aportados por el ITBA con el ok del Rector. \r\nLos logos y otros gastos menores los aporto CEITBA. \r\nCon todo esto la caja quedo en cero al 20/07/06.\r\n\r\nEn funcion de los proximos ingresos por reservas veremos de ir saldando los temas pendientes. \r\n\r\nLa lista de los mismos, sin estar en orden de prioridad son:\r\n\r\n1.- Instalacion Electrica, Cables, enchufe del motor, bateria, luz tricolor de tope ( ~ $ 200 )\r\n\r\n2.- Salvavidas, bengalas, items cert. elementos ( ~ $ 300)\r\n\r\n3.- Servicio bisemanal de limpieza cubierta e repaso del interior. (~ $ 50 /mes)\r\n\r\n4.- Compas, el que esta se lo comio el sol por no protegerlo ( ~ $ 400)\r\n\r\n5.- Fundas caña, Motor y Carpa (~ $ 600)\r\n\r\n6.- GPS / Ecosonda ( ~ $ 1.000)\r\n\r\nComo ves todo suma, sin contar tu esfuerzo de cuidar lo que ya esta ok y el nuestro de organizarlo.\r\n\r\nEsperamos que encuentres cada vez mejor el Primavera, saludos y buenos vientos,\r\n\r\nMartin'),(40,40,'2006-07-26 08:29:55','Nueva URL para todos aquellos que tenían problemas cuando estaban detras de un proxy o firewall:\r\n\r\nhttp://www.leonards.com.ar/spring/\r\n\r\nIMPORTANTE: Poner la última \"/\"'),(59,34,'2007-02-12 17:39:24','El Domingo salimos en el barco y la verdad que parece otro. Muy buenos los arreglos que le hicieron. Así da gusto salir. Tuvimos muy buenos vientos y ningún problema. Espero que entre todos podamos mantenerlo para que sea un barco navegable y seguro.'),(60,99,'2007-02-13 11:33:40','Salimos el miercoles pasado en el primavera, tuvimos muy buena navegación. Cargué 5L más de nafta para el motor ya que quedaba poca. La perita nueva funciona bien, sin embargo el motor se nos paró un par de veces mientras saliamos: viene andando bien pero llega un momento que parece que se queda sin nafta y se apaga. Arrancandolo de nuevo sigue funcionando normalmente.\r\nEl grillete del escotin de la mayor estaba suelto, agarrado a la botavara; como no sabiamos de que cabo era lo ibamos a guardar adentro pero me parece que se nos olvidó en la argolla del tangón en el palo.\r\nFuera de eso estuvo todo muy bueno, se aprecian los arreglos y todo anda bárbaro.'),(57,80,'2007-02-04 10:31:00','Ya cambiamos a nuevo la perita y reemplazamos la mordaza de la escota de mayor que zafaba.\r\n\r\n- La veleta en el tope del palo parece estar floja, estar atento a si se ce o revisarla en la palera.\r\n- La cubierta esta muy sucia.\r\n- Hay poca nafta la justa para entrar y salir un par de veces, ( < de 2L)\r\n\r\nSLds, Martin'),(47,80,'2007-01-19 10:36:24','Novedades del verano 2007\r\n\r\nRecomendaciones de uso:\r\n\r\n1- Con cada salida por favor informa las novedades con un mensaje por esta via y si es un tema urgente/importante con un mail a elprimavera@yahoogroups.com asi los administradores estan al tanto.\r\n\r\n2- Si encontras o dejas el barco con poca nafta, o si encontras algo roto o si no encontras algo avisa asi vemos de solucionarlo.\r\n\r\n3- Si llegas a necesitar combusible recorda que se prepara con 5L de nafta + 100 cm cubicos de aceite, esto te lo venden en estas cantidades en la YPC de Cordoba y Madero. Conserva el ticket que te reintegramos el monto via CEITBA.\r\n\r\n4- Las velas de mylar estan reservadas para uso exclusivo en regatas siendo mucho menos resistentes que las de dacron. Esto incluye la spy blanco/celeste que es para regatas unicamente tambien.\r\nLa otra spy blanca Itba esta muy rifada asi que tampoco se puede usar hasta que tengamos fondos para arreglarla.\r\n\r\n5- Deja el motor levantado, las fundas de la caña del timon y el compas puesta. por ahora la carpa y la funda del motor no la estamos poniendo porque falta ajustarla al barco.\r\n\r\n6- Al terminar tu salida deja las drizas de spy y genoas sobre los guardamencebos a proa, casi sobre el pulpito.\r\nTambien en la amarra de proa toma el muerto desde la lamda de proa que evita que se dañe la roda cuando el rio esta muy alto. Mira las fotos de la seccion archivos - Amarra\r\n\r\n\r\nArreglos recientes\r\n\r\n- Compramos una bateria de 12v con lo que el Primavera ahora tiene energia electrica para el VHF y luces.\r\n\r\n- Compramos los stays, resta reemplazar los obenques.\r\n\r\n- Sobre el mamparo de babor esta un lay out de la ubicacion de los elementos de seguridad y tabla de señales de auxilio.\r\n\r\n- Creamos una seccion Archivos con documentos varios sobre presupuestos, fotos de items a reparar, reparados, fondos de pantalla, etc\r\nSentite libre de enviarnos cualquier foto que quieras subir a la seccion salidas.\r\n\r\n- Avisanos por mail si te interesa participar en el calendario de regattas 2007.\r\n\r\nSaludos y buenos vientos!.\r\n\r\nComision Nautica'),(50,99,'2006-12-19 21:00:00','El viernes y el sábado sali en el primavera, encontré todo muy bien excepto por el motor, el viernes lo logramos hacer arrancar, pero se paró mientras andaba (estando a media máquina, parecia que se habia ahogado) y luego no volvió a arrancar. Salimos arrastrados por la lancha y entramos a vela sin ningún problema.'),(61,80,'2007-02-13 12:33:49','Pablo, guarda el ticket del combustible y te lo reintregramos via CEITBA. \r\nEl grillete del escotin de mayor la idea es dejarlo puesto.\r\nDel motor lo estamo viendo, yo hasta ahora no tuve ningun problema, ayer salio Marcelo que tampoco tuvo problemas.\r\nabriste el venteo?\r\nSlds, Martin'),(54,80,'2007-01-27 12:35:06','Con la idea es mantener un cierto orden en el cuidado de las velas y la toma de amarra les solicitamos que vean las fotos de siguiente link asi todos nos manejamos de una forma estandar y coordinada.\r\n\r\nhttp://www.nauticaenelitba.com.ar/spring-files/Primavera/Amarra/index.html\r\n\r\nBtw, anotate este nuevo link del sitio web:\r\nhttp://www.nauticaenelitba.com.ar/\r\n\r\nBorra el viejo que no va mas porque no pudimos actualizar el dominio en NIC.AR\r\n\r\n- Las velas de mylar que estan a babor no se deben usar.\r\n\r\n- Solo las velas de dacronr que estan a estribor se pueden deben usar. (Genoa 1, Mayor que dice ITBA y el foque)\r\nDejalas a estribor cuando termine tu salida.\r\n\r\n- No uses las escotas verde y azul solido que son de la spy de regatas, ni sus manitos.\r\n- El resto de los cabos estan muy mas o menos salvo los dos que se ven en la foto. Es decir los cabos adujados colgados no es recomendable que los uses salvo emergencias, si las 2 escotas que las dejas sobre la funda del Genoa o Foque.\r\n\r\n- Si se te mojaron dejalas semi dobladas y sin poner en la bolsa.\r\nAsegurate de terminar la tarea cuando las velas esten secas o avisar a los admin de como las dejaste.\r\n\r\n- Fijate de no usar los porta espias de proa ya que se lastima la fibra de la roda cuando el rio esta alto. Para amarrarlo a proa toma el muerto desde los cuernitos del peñol. mira las fotos!\r\n\r\n- Hay un par de fotos de como dejar el timon, trata de dejarlo como se ve en las fotos.\r\n\r\n-Si algo no funciona o se te rompe algo, salvo que se muy facil o te sientas muy seguro de dejarlo ok no trates de arreglarlo por tu cuenta, avisanos con un mail y lo vemos nosotros.\r\n\r\n- Recorda que no se puede usar el restauran principal ni nada del YCA traspasando el porton de madera que dice \'\'Exclusivo Socios\'\'. El acuerdo con el YCA nos permite solamente embarcar en el primavera, hecer los cursos y nada mas.\r\n- Recorda que no se puede solicitar mecanico ni marinero ni ningun servicio nautico, salvo la lancha para embarcar / desembarcar.\r\n\r\n- Con cada salida tenes que informarla en el libro que esta en marineria y aprovecha para ver el pronostico que esta en la cartelera de la misma.\r\n\r\nSlds y buenos vientos.\r\n\r\nComision Nautica ITBA'),(55,6,'2007-01-29 16:16:29','Estimados,\r\n\r\nEl domingo sali a la tarde. El barco esta en muy buenas condiciones. Funciona todo bien, hasta el VHF.\r\nEl motor me dio un poco de trabajo, porque la perita para bombear la nafta esta pinchada. Al apretarla, pierde un poquito de nafta, y por esa pinchadura me parece que entra aire y el motor tiende a apagarse cuando se consume la nafta que tiene adentro del carburador porque creo que no puede aspirar la nafta desde el tanque. Cuando sientan que se esta por apagar, si le dan un par de bombeadas a la perita sigue funcionando. (es una solucion para salir del paso y no qudarse sin propulsion). \r\nFelicitaciones a los que dedican tiempo y esfuerzo para que todo funcione bien!!!.\r\n\r\nIgnacio'),(62,79,'2007-02-16 01:35:19','Pablo, lo del motor es cuando esta frio nomas (ojo que tarda sus 10-15 minutos en estar a punto, tiene su baqueta el Suzuki :p)'),(63,79,'2007-02-16 01:37:53','Perdon, era una pregunta, me olvide el ? al final'),(64,99,'2007-02-16 17:38:25','El venteo estaba bien abierto, es posible que estuviera algo frio, lo deje calentar unos 5 minutos nada mas. La proxima lo dejo un rato mas, calculo que debe haber sido eso. Gracias por las recomendaciones y hacerme acordar lo del ticket de la nafta.'),(67,80,'2007-04-06 18:40:55','Gente,\r\nEl contramaestre del club nos pidio dados algunos incidentes en salidas recientes que entremos y salgamos a motor exclusivamente, es decir no salir a vela, si el motor no arranca pedir la lancha.\r\n\r\nEl limbo no es facil de virar con poco viento y con mucho el riesgo es importante tambien.\r\n\r\nRecuerde dejar el barco como muestran las fotos en la seccion amarra, popel filado, amarra a proa desde el peñol y no de los porta espias, etc etc.\r\n\r\nA proposito, en una salida mia de ayer una hola golpeo la pata del motor y se callo al agua la tapa del motor. me pondre en capaña de conseguir su reemplazo.\r\n\r\nPor otro lado no pude encontrar el bichero, avisen si alguien lo ve o si a alguien se le cayo.\r\n\r\nSlds, Martin'),(68,105,'2007-04-07 20:30:19','Buenas.\r\nSalí a navegar ayer a la tarde, y como Martín, no encontré el bichero por ningún lado. Para tomar amarra tuve que pedirle ayuda a la lancha.\r\nPablo: Tuvimos el mismo problema con el motor, de que se apagaba unos minutos después de haberlo prendido. Creo que el problema es exclusivamente que lo teníamos apoyado en la sentina, porque cuando lo levantamos y lo apoyamos en el asiento de babor se terminaron los problemas.\r\nEncontré el tambucho cerrado pero sin llave, y lo dejé así. La próxima vez voy a pedir las llaves en la oficina y ver si encuentro el candado para dejarlo cerrado.\r\nNo recuerdo haber visto el cobertor del compás. Lo dejé descubierto. La próxima lo voy a buscar con más esmero.\r\nSaludos.'),(69,105,'2007-04-07 21:22:30','Ayer, el tornillo que amura la botavara al mástil no tenía tuerca, por lo que no podía aguantar la fuerza hacia arriba de la mayor. Me las rebusqué para  amurar la mayor con el cunningham, un mini-aparejo que está por ahí cerca de la fogonadura, pero habría que encontrar una tuerca de reemplazo para dejar el sistema andando.'),(70,80,'2007-04-08 13:45:44','Adapte la tapa del compas (el mismo fue una donacion mia del año pasado) para que se mantenga puesta, ya que la misma no es original del modelo Saturn que viene sin tapa. ademas le puse un cabito al interior del copkit para que no se pierda.\r\nTema motor por los que vi al cambiar solo la perita hace unos meses, ahora pierde la manguera entre la pera y el motor.\r\nvemos de cambiarla, como dice Matias se soluciona preventivamente dejando el tanque arriba. Slds Martin'),(73,79,'2007-04-29 22:25:16','Estimados, el barco esta desde la semana pasada con la carpa puesta. Cuando la coloquen de vuelta, es muy importante que quede bien estirada para que no se hagan bolsas de agua si llueve, y que los tiros queden  correctamente atados para que no se suelten y la carpa flamee o se vuele. Lamentablemente el barco no tiene demasiados lugares buenos para tomar los tiros asi que hay que darse un poco de maña. Por favor, si no logran dejarla bien acomodada, dejenla doblada y guardada adentro y avisen por aca, es mejor tenerla guardada adentro a que se rompa o se vuele y se pierda\r\n\r\nGracias!!'),(74,105,'2007-08-20 21:38:06','Salí esta tarde y encontré algunos desperfectos:\r\n> El vang estaba salido (el aparejo entero). Estaba en cubierta; lo guardé adentro, arriba de donde se guarda el tanque de nafta. Falta al menos una tuerca en U para colocarlo, que no apareció en cubierta.\r\n> El tanque no tiene suficiente nafta (tiene 1 L)\r\n> La mangera que va de la bomba manual al motor está reseca (justo donde se une a la bomba) y pierde un poquito al bombear. La otra mangera también esta reseca.\r\n\r\nAlguien sabe cómo es que siempre hay algo de agua en donde se guarda el tanque de nafta?\r\n\r\nSaludos.'),(72,80,'2007-04-08 21:03:14','Con respecto al bichero ya lo encontramos.\r\nVamos a comprar un par de sujetadores de plastico para dejarlo en una posicion fija a babor sobre el placarcito.\r\n\r\nRespecto del candado el mismo esta en el cajon.\r\nEn su momento volveremos a dejarlo cerrado con llave, pero por ahora no. \r\nPaso que un usuario en vez dejar las llaves en el tambucho de popa como estabamos haciendo las dejo en marineria sin avisar con un post y el que salio luego tuvo que desarmar el cierre para entrar. Y tambien paso al reves, asi que lo mejor es dejarlo abierto, en el YCA hay mucha seguridad y para el caso es lo mismo, con candado o sin el es relativamente facil acceder al interior.\r\n\r\nPor un tema operativo dejaremos las velas de regatas a proa cerrada la puerta con llave. Las exclusas y mangueras del water no estan bien como para el uso asi que estan inhabilitadas.\r\n\r\nProximante, veremos de cerrar dodos los accesos y dejar las llaves en marineria.'),(75,19,'2007-09-03 09:07:27','Salí el domingo por la tarde... me costó bastante encender el motor, la manguera de nafta donde se conecta al motor pierde un poco, habría que cortar el extremo y apretar bien la abrazadera...\r\nAl tanque le agregué 3 litros.\r\nEl resto todo bien...'),(76,50,'2007-10-01 19:23:18','Hola Gente\r\nSali el Domingo , muy lindo dia\r\nTodo anduvo bien, la manguera de nafta no pierde mas y estaba todo ordenado.  El motor arranco bien. Lo unico que se paro cuando estaba saliendo de la escollera. Parece como si se quedara sin nafta. Ya que volvi a bombear y arranco luego de unos intentos\r\nSaludos'),(77,109,'2007-10-26 11:17:35','Hola:\r\nProbamos el Primavera con el curso de timonel del YCA\r\nPara prender el motor, hay que darle cebador, potencia a la mitad y tirar con algo de fuerza, para mantenerlo encendido hay que darle a la bomba de nafta cuando se empieza a achanchar, espero que a alguien le sea util\r\nPara pararlo, doblamos la manguera aunque sin marcarla (quebrarla, romperla), por ahi es preferible apretarla o pisarla para que no se pinche... hay alguna otra forma de pararlo????\r\nFalta la mordaza de la escota de la mayor (se soluciona anudando el cabo) y un grillete imperdible en la amura del foque/genoa (esto se puede solucionar con los grilletes que hay en los cajones de adentro y andan genial)\r\nUn saludo\r\nJuan Pedro Pera'),(78,109,'2007-10-27 17:09:44','CORRECION AL MENSAJE ANTERIOR:\r\n\r\nhablando con un amigo que esta en el curso del yca conmigo y anduvo mas con el motor, tambien se puede apagar con el cebador... una vez que arranco CON cebador, se lo saca para navegar, y para apagarlo se lo vuelve a poner\r\n\r\nsaludos, Juampi'),(79,50,'2007-10-29 16:58:08','Hola \r\nSali el Sabado a la tarde , muy lindo dia\r\nHay un par de temas y creo que incluso tenemos que ver el cuidado del barco.\r\nSi compran los repuestos yo los instalo /reparo o cambio\r\n\r\n\r\n1-No hay  mordaza de la escota de la mayor\r\n\r\n2-Al regreso no arranco el motor y se corto la soga para el arranque. Tendriamos que poner una de Kevlar\r\n\r\n3-No estaba la funda ni de la caña del timon ni del motor\r\n\r\n4-No esta el prolongador de timon. Elemento muy importante para navegar relajado y de costado\r\n\r\nLo tenemos que cuidar tener el barco es un PRIVILEGIO!'),(80,80,'2008-01-04 15:58:03','Gente, tenemos que encontrar el prolongador del timon o encontar el usuario que lo perdio.\r\n\r\ntema aparte ¿quien quiere sumarse al grupo que esta manteniendo el barco?\r\nhay varios items que necesitan atencion mas de la que nosotros podemos dar, pero lo podemos coordinar entre todos.'),(81,100,'2008-01-05 21:49:53','hoy sali en un dia espectacular, solo falto un poco de viento pero estuvo bueno.\r\n\r\nlo q vi bien es\r\n-la mangera del motor\r\n-la mordaza de la mayor\r\n-el nuevo salvavidas\r\n-estaba la funda del timon\r\n\r\nlo q falto\r\n-el motor no tiene correa, pense en inventar algo con un cabo, pero desisti por temor de q se rompa algo mas.\r\n-sigue faltando la amura de popa, lo puse en una cornamusa.\r\n-no encontre el prolongador del timon pero tampoco es q la busque mucho\r\n-la driza de la mayor corre un poco dura\r\n-el cabo para tenzar el pujamen de la mayor esta hecho un nudo y no se puede filar para agarrar la vela, use el q se usa para tomar rizos\r\n\r\nbueno eso es todo\r\njuan'),(82,100,'2008-01-05 22:57:59','perdon \r\n-sigue faltando la amura de PROA, lo puse en una cornamusa.\r\no sea la amura de la genoa'),(83,105,'2008-01-13 19:24:09','Buenas. En la navegación de ayer en un momento se cayó mitad al agua el motor; se zafó uno de los dos agarres en la madera y quedó colgando también del cabo que alguna mente precavida había fijado al espejo. Hoy volví al YCA con la herramienta apropiada (un destornillador phillips chico) y lo volvimos a calzar. \r\n\r\nOtro tema: usamos genoa 1, y cuando la guardábamos vimos que se había rifado (rajado), en una parte que ya tenía un parche, así que ya venía en un estado endeble. La dejé en el compartimiento de adelante junto con las velas de regata, con un cartel que indica no usarla. Espero comentarios de la comisión náutica sobre qué se hace en estos casos.\r\nDejé fotos en www.ingquaranta.com.ar/prim080113\r\n\r\nDejé el prima al lado de Macá y Charrúa, como lo encontré. No sé por qué estaba ahí.\r\n\r\nDejé el tanque adentro; lo encontré afuera.\r\n\r\nMatías'),(84,79,'2008-01-14 19:20:18','Insisto tambien con el tema del prolongador, la ultima vez tampoco encontre el bichero, esta?\r\n\r\nMatt, el genoa 1 de mylar ya estaba roto y lo habiamos emparchado como pudimos, usa el de dacron que esta en la bolsa azul con ese no hay problema\r\n\r\nEl soporte del motor parece que ya no da para mas'),(85,105,'2008-01-17 19:25:59','El bichero está. Al prolongador no lo vi.'),(86,105,'2008-03-17 07:32:11','Buenas. En la navegación de ayer encontramos todo en orden, salvo que la batería parecía estar completamente descargada, con lo cual no anda el VHF. Tenganlo en cuenta para cuando tengan un cargador a mano.\r\nLa reserva en el sistema me indicaba de 15:30 a 19, pero me dijo Martín Ortiz que tome desde las 14 (igualmente, él lo iba a arreglar).\r\nBuenos vientos.'),(87,112,'2008-04-03 12:15:22','No lei ningun comentario sobre el motor, asi que lo comento: No se si se habia arreglado desde el año pasado, pero no lo pude hacer funcionar.'),(88,116,'2008-04-05 03:49:08','Hola,\r\nsolo para comentar que hoy tampoco pudimos hacer funcionar el motor.\r\nsaludos.'),(89,79,'2008-06-01 21:42:05','Estimados todos:\r\n\r\nQueremos comentarle que la semana pasada concretamos la venta del Primavera. No, no se asusten, no nos retiramos de la nautica!\r\n\r\nLa proxima fase de este proyecto es avanzar en la compra de un J24, que es un barco que por sus caracteristicas se va a adaptar mejor que el Limbo al tipo de navegacion que se realiza normalmente, y por supuesto es mucho mas divertido que el Limbo.\r\n\r\nEstaremos sin barco un tiempo, hasta reunir la diferencia con el J24 (unos 6/7 mil dolares en principio), y desde ya esperamos estar en el agua navegando lo mas pronto posible.\r\n\r\nPor cualquier consulta, escriban a la lista de correo: elprimavera@yahoogroups.com\r\n\r\nSaludos para todos');
/*!40000 ALTER TABLE `tbl_messages` ENABLE KEYS */;
UNLOCK TABLES;

--
-- Table structure for table `tbl_movement_types`
--

DROP TABLE IF EXISTS `tbl_movement_types`;
CREATE TABLE `tbl_movement_types` (
  `movement_type_id` int(5) NOT NULL default '0',
  `description` varchar(50) default NULL,
  `sign` int(1) default NULL,
  PRIMARY KEY  (`movement_type_id`)
) ENGINE=MyISAM DEFAULT CHARSET=latin1;

--
-- Dumping data for table `tbl_movement_types`
--

LOCK TABLES `tbl_movement_types` WRITE;
/*!40000 ALTER TABLE `tbl_movement_types` DISABLE KEYS */;
INSERT INTO `tbl_movement_types` VALUES (1,'Ingreso para Reservas',1),(2,'Egreso por Reparaciones',-1),(3,'Otros Ingresos',1),(4,'Otros Egresos',-1),(5,'Combustible',-1),(6,'Honorarios Marineria',-1);
/*!40000 ALTER TABLE `tbl_movement_types` ENABLE KEYS */;
UNLOCK TABLES;

--
-- Table structure for table `tbl_movements`
--

DROP TABLE IF EXISTS `tbl_movements`;
CREATE TABLE `tbl_movements` (
  `movement_id` int(10) NOT NULL auto_increment,
  `movement_type_id` int(5) default NULL,
  `amount` decimal(10,2) default NULL,
  `balance` decimal(10,2) default NULL,
  `document_data` varchar(255) default NULL,
  `comments` varchar(255) default NULL,
  `date` datetime default NULL,
  `user_id` int(10) default NULL,
  PRIMARY KEY  (`movement_id`),
  KEY `movement_type_id` (`movement_type_id`)
) ENGINE=MyISAM AUTO_INCREMENT=193 DEFAULT CHARSET=latin1;

--
-- Dumping data for table `tbl_movements`
--

LOCK TABLES `tbl_movements` WRITE;
/*!40000 ALTER TABLE `tbl_movements` DISABLE KEYS */;
INSERT INTO `tbl_movements` VALUES (1,1,'15.00','15.00','','Saldo de deuda','2005-01-14 16:02:25',59),(2,1,'20.00','35.00','','Saldo deuda salida Dic 04','2005-01-18 00:06:04',6),(3,1,'60.00','95.00','','','2005-01-20 19:34:43',26),(4,1,'20.00','115.00','','','2005-01-20 19:37:37',40),(5,5,'20.00','95.00','Tique YPF 1578-00012752','','2005-01-20 19:44:10',NULL),(6,2,'15.00','80.00','','Reparacion del remo','2005-01-22 21:10:39',NULL),(7,1,'20.00','100.00','','','2005-01-26 21:07:00',65),(8,1,'20.00','120.00','','','2005-02-04 15:23:24',52),(9,1,'100.00','220.00','','','2005-03-02 16:44:04',34),(10,1,'20.00','240.00','','','2005-03-04 16:08:36',43),(11,1,'50.00','290.00','','','2005-03-07 16:53:34',5),(12,1,'20.00','310.00','','','2005-03-08 16:29:56',55),(13,1,'35.00','345.00','','','2005-04-01 15:10:28',15),(14,4,'18.00','327.00','','Dramamine','2005-04-03 18:40:21',NULL),(15,1,'20.00','347.00','','','2005-05-05 10:02:38',6),(16,1,'20.00','367.00','','','2005-05-19 17:15:30',13),(17,1,'65.00','432.00','','','2005-08-02 16:31:51',37),(18,1,'20.00','452.00','','','2005-09-08 11:08:48',59),(19,1,'50.00','502.00','','','2005-10-11 11:05:45',79),(20,1,'20.00','522.00','30082240','','2005-10-21 16:32:51',43),(21,1,'20.00','542.00','','','2005-10-22 21:11:16',59),(22,1,'20.00','562.00','','','2005-11-09 15:45:17',6),(23,1,'20.00','582.00','30520014','','2005-11-21 17:58:11',13),(24,1,'100.00','682.00','27479601','','2005-12-22 17:18:56',84),(25,2,'55.00','627.00','Factura Costanera 1 - Nov 05','Salvavidas, Mordazas, herrajeria, pasador de amura de Genoa','2006-01-03 14:24:32',NULL),(26,5,'45.00','582.00','Factura JC OCCIUTO Nro 184','Mano de obra re-torneado bomba de agua del Motor','2006-01-03 14:26:55',NULL),(27,5,'355.00','227.00','Factura Costanera 1 - 26 DIC  05','Antena VHF, Cornamuzas, Mordazas, Salvavelas, Driza Genoa 6 mm, etc','2006-01-03 14:28:09',NULL),(28,1,'15.00','242.00','','','2006-02-16 11:05:12',87),(29,1,'-100.00','142.00','','','2006-03-15 18:07:29',34),(30,1,'35.00','177.00','','','2006-03-30 17:07:59',91),(31,1,'25.00','202.00','31059923','','2006-04-06 14:48:52',91),(32,1,'40.00','242.00','31059923','','2006-04-11 14:26:31',91),(33,1,'20.00','262.00','29800513','','2006-04-28 16:27:34',87),(34,1,'0.00','262.00','','','2006-04-28 16:27:38',82),(35,1,'95.00','357.00','No aplica','Puesta en cero Julio 2006','2006-07-17 00:09:15',70),(36,1,'15.00','372.00','No aplica','Puesta en cero Julio 2006','2006-07-17 00:43:45',82),(37,1,'15.00','387.00','No aplica','Puesta en cero Julio 2006','2006-07-17 00:44:39',92),(38,1,'-15.00','372.00','No aplica','Puesta en cero Julio 2006','2006-07-17 00:45:04',82),(39,1,'-60.00','312.00','No aplica','Puesta en cero Julio 2006','2006-07-17 00:45:36',6),(40,1,'-40.00','272.00','No aplica','Puesta en cero Julio 2006','2006-07-17 00:46:12',19),(41,1,'60.00','332.00','No aplica','Puesta en cero Julio 2006','2006-07-17 00:46:28',3),(42,1,'0.00','332.00','No aplica','Puesta en cero Julio 2006','2006-07-17 00:46:48',87),(43,1,'-120.00','212.00','No aplica','Puesta en cero Julio 2006','2006-07-17 00:47:09',3),(44,1,'-20.00','192.00','No aplica','Puesta en cero Julio 2006','2006-07-17 00:47:34',43),(45,1,'-60.00','132.00','No aplica','Puesta en cero Julio 2006','2006-07-17 00:47:54',40),(46,1,'-25.00','107.00','No aplica','Puesta en cero Julio 2006','2006-07-17 00:48:23',47),(47,1,'-20.00','87.00','No aplica','Puesta en cero Julio 2006','2006-07-17 00:48:42',87),(48,1,'20.00','107.00','No aplica','Puesta en cero Julio 2006','2006-07-17 00:49:09',38),(49,1,'-195.00','-88.00','No aplica','Puesta en cero Julio 2006','2006-07-17 00:49:21',82),(50,1,'-20.00','-108.00','No aplica','Puesta en cero Julio 2006','2006-07-17 00:49:45',4),(51,1,'-20.00','-128.00','No aplica','Puesta en cero Julio 2006','2006-07-17 00:50:27',51),(52,1,'-20.00','-148.00','No aplica','Puesta en cero Julio 2006','2006-07-17 00:50:57',52),(53,1,'-50.00','-198.00','No aplica','Puesta en cero Julio 2006','2006-07-17 00:51:31',5),(54,1,'15.00','-183.00','No aplica','Puesta en cero Julio 2006','2006-07-17 00:51:58',54),(55,1,'-40.00','-223.00','No aplica','Puesta en cero Julio 2006','2006-07-17 00:52:21',35),(56,1,'-90.00','-313.00','No aplica','Puesta en cero Julio 2006','2006-07-17 00:52:43',37),(57,1,'-20.00','-333.00','No aplica','Puesta en cero Julio 2006','2006-07-17 00:53:22',14),(58,1,'-20.00','-353.00','No aplica','Puesta en cero Julio 2006','2006-07-17 00:53:49',55),(59,1,'15.00','-338.00','No aplica','Puesta en cero Julio 2006','2006-07-17 00:54:05',56),(60,1,'15.00','-323.00','No aplica','Puesta en cero Julio 2006','2006-07-17 00:54:27',33),(61,1,'-35.00','-358.00','No aplica','Puesta en cero Julio 2006','2006-07-17 00:55:02',22),(62,1,'-195.00','-553.00','No aplica','Puesta en cero Julio 2006','2006-07-17 00:58:09',9),(63,1,'390.00','-163.00','No aplica','Puesta en cero Julio 2006','2006-07-17 00:58:46',9),(64,1,'70.00','-93.00','No aplica','Puesta en cero Julio 2006','2006-07-17 00:59:38',22),(65,1,'-40.00','-133.00','No aplica','Puesta en cero Julio 2006','2006-07-17 01:00:21',91),(66,1,'-100.00','-233.00','No aplica','Puesta en cero Julio 2006','2006-07-17 01:00:42',84),(67,1,'-15.00','-248.00','No aplica','Puesta en cero Julio 2006','2006-07-17 01:01:16',58),(68,1,'390.00','142.00','No aplica','Puesta en cero Julio 2006','2006-07-17 01:01:50',9),(69,1,'-390.00','-248.00','No aplica','Puesta en cero Julio 2006','2006-07-17 01:03:39',9),(70,1,'5.00','-243.00','No aplica','Puesta en cero Julio 2006','2006-07-17 01:04:55',92),(71,1,'-40.00','-283.00','No aplica','Puesta en cero Julio 2006','2006-07-17 01:06:29',59),(72,1,'-20.00','-303.00','No aplica','Puesta en cero Julio 2006','2006-07-17 01:07:28',65),(73,1,'420.00','117.00','No aplica','Puesta en cero Julio 2006','2006-07-17 01:07:43',66),(74,1,'-40.00','77.00','No aplica','Puesta en cero Julio 2006','2006-07-17 01:08:15',26),(75,1,'-25.00','52.00','No aplica','Puesta en cero Julio 2006','2006-07-17 01:08:46',7),(76,1,'820.00','872.00','No aplica','Puesta en cero Julio 2006','2006-07-17 01:09:18',18),(77,1,'20.00','892.00','No aplica','Puesta en cero Julio 2006','2006-07-17 01:10:39',55),(78,1,'40.00','932.00','No aplica','Puesta en cero Julio 2006','2006-07-18 19:57:23',91),(79,4,'782.00','150.00','No aplica','Puesta en cero Julio 2006','2006-07-18 20:01:30',NULL),(80,4,'110.00','40.00','No aplica','Puesta en cero Julio 2006','2006-07-18 20:05:34',NULL),(81,1,'40.00','80.00','No aplica','Puesta en cero Julio 2006','2006-07-22 21:33:31',22),(82,4,'80.00','0.00','No aplica','Puesta en cero Julio 2006','2006-07-22 21:33:52',NULL),(83,3,'3000.00','3000.00','Cheque del ITBA aprobado por el Rector en Abril 06','Reparaciones mayores de fondo, jarcia y roda. Incluye reparacion del motor y del soporte.','2006-07-22 21:36:48',NULL),(84,2,'0.00','3000.00','Cheque del ITBA aprobado por el Rector en Abril 06','Reparaciones mayores de fondo, jarcia y roda. Incluye reparacion del motor y del soporte.','2006-07-22 21:37:06',NULL),(85,2,'3000.00','0.00','Cheque del ITBA aprobado por el Rector en Abril 06','Reparaciones mayores de fondo, jarcia y roda. Incluye reparacion del motor y del soporte.','2006-07-22 22:07:48',NULL),(86,1,'40.00','40.00','','','2006-07-26 09:28:35',40),(87,2,'40.00','0.00','No aplica','Puesta en cero Julio 2006','2006-07-26 09:29:13',NULL),(88,3,'195.00','195.00','Fatura Graficar-t','Nuevo Isologo ITBA','2006-09-10 22:53:12',NULL),(89,4,'195.00','0.00','Fatura Graficar-t','Nuevo Isologo ITBA','2006-09-10 22:53:32',NULL),(90,1,'50.00','50.00','','Diferencia Factura G1','2006-09-19 14:52:12',80),(91,2,'150.00','-100.00','Factura Agustin YCA','Reparacion G1','2006-09-19 14:53:14',NULL),(92,3,'100.00','0.00','Factura Agustin YCA','Reparacion G1 - Aporte CEITBA','2006-09-19 14:53:37',NULL),(93,1,'70.00','70.00','29800513','','2006-09-27 16:51:03',87),(94,1,'-35.00','35.00','No aplica - Mail de Juan Mussio / Ceitba','50 % del credito para reponer la vela de la spy que se volo en la regata YCO 2006','2006-10-09 22:53:11',87),(95,4,'35.00','0.00','No aplica - Mail de Juan Mussio / Ceitba','Reposicion la bolsa de la spy que se volo en la regata YCO 2006','2006-10-09 22:54:52',NULL),(96,3,'680.00','680.00','Factura A Belochio','Compra de la carpa en sumbrella, fundas caña y motor.','2006-11-16 18:21:08',NULL),(97,3,'320.00','1000.00','Factura varias Costanera Uno','Items certificados de elementos','2006-11-16 18:21:48',NULL),(98,4,'680.00','320.00','Factura A Belochio','Compra de la carpa en sumbrella, fundas caña y motor.','2006-11-16 18:22:18',NULL),(99,5,'320.00','0.00','Factura varias Costanera Uno','Items certificados de elementos','2006-11-16 18:22:32',NULL),(100,1,'20.00','20.00',' ','ajuste por salida de bienvenida a nuevos timoneles','2006-11-26 23:09:18',92),(101,1,'40.00','60.00','','Ajuste nuevo control sobre las salidas de la escuela - La escuela no requiere credito ni tiene gasto.','2006-11-26 23:11:09',18),(102,4,'60.00','0.00','','ajuste por salida de bienvenida a nuevos timoneles','2006-11-26 23:31:11',NULL),(103,1,'35.00','35.00','','Transferencia via CBU fondo reserva cambio de los stay (restan $240)','2006-11-29 20:10:32',59),(104,1,'-15.00','20.00','','Ajuste Transferencia via CBU fondo reserva cambio de los stay (restan $255) ','2006-11-30 11:08:31',59),(105,1,'20.00','40.00','','','2006-11-30 11:52:36',91),(106,1,'60.00','100.00','','','2006-11-30 12:26:38',91),(107,1,'40.00','140.00','','','2006-12-14 11:28:02',99),(108,1,'15.00','155.00','','','2006-12-15 14:11:03',99),(109,1,'100.00','255.00','Factura / Ticket Palau - San Fernando recambio de stays ($275)','Transferencia via CBU fondo reserva cambio de los stay (restan $155)','2006-12-24 09:46:05',34),(110,1,'20.00','275.00','mail de cietba 22/dic 2006','mail de cietba 22/dic 2006','2006-12-24 10:48:02',100),(111,1,'20.00','295.00','mail de cietba 22/dic 2006','mail de cietba 22/dic 2006','2006-12-24 10:48:30',101),(116,1,'5.00','450.00','Factura / Ticket Palau - San Fernando recambio de stays ($275)   	 ','Transferencia via CBU fondo reserva cambio de los stay (repago completo) ','2007-01-24 13:03:37',6),(114,1,'70.00','365.00','Transferencia via CBU','Transferencia via CBU fondo reserva cambio de los stay (restan $85) ','2007-01-19 12:15:25',59),(115,1,'80.00','445.00','Factura / Ticket Palau - San Fernando recambio de stays ($275)','Transferencia via CBU fondo reserva cambio de los stay (restan $5)','2007-01-22 22:48:32',19),(117,1,'35.00','485.00','Factura / Ticket Carrefour  compra de bateria 12v dic 2006  ($199)   	 ','Transferencia via CBU fondo para la bateria 12v (Restan $ 164) ','2007-01-24 13:06:10',6),(118,2,'275.00','210.00','Factura / Ticket Palau - San Fernando recambio de stays ($275)   	 ','Reemplazo de los Stay originales de 24 años de antiguedad pagado por los usuarios navegantes.','2007-01-24 13:08:14',NULL),(119,1,'20.00','230.00','32069384','','2007-02-07 14:59:04',99),(120,1,'35.00','265.00','30979885','','2007-02-09 15:08:16',89),(121,1,'20.00','285.00','32069384','','2007-02-13 15:30:40',99),(122,1,'35.00','320.00',' Factura / Ticket Carrefour compra de bateria 12v dic 2006 ($199) ','Transferencia via CBU fondo para la bateria 12v (Restan $ 129)  ','2007-03-03 17:38:24',100),(123,1,'20.00','340.00','30594371','','2007-03-05 16:39:55',104),(126,1,'50.00','390.00','Factura / Ticket Carrefour  compra de bateria 12v dic 2006  ($199)   	 ','Transferencia via CBU fondo para la bateria 12v (Restan $ 79) ','2007-03-07 11:05:27',104),(127,1,'20.00','410.00','32069384','','2007-03-09 15:16:06',99),(128,1,'35.00','445.00','33499239','','2007-03-15 18:26:50',106),(129,1,'70.00','515.00','31017557','','2007-03-19 18:00:13',105),(130,1,'10.00','525.00','33499231','','2007-03-21 16:31:04',106),(131,1,'50.00','575.00','33499231','','2007-03-23 17:07:33',106),(132,1,'35.00','610.00','ingreso para demo del site','va ser cancelado en 7 dias.','2007-06-20 11:19:32',108),(133,1,'0.00','610.00','','','2007-06-26 14:09:05',102),(134,1,'-35.00','575.00','','','2007-07-01 22:36:46',108),(135,1,'60.00','635.00','31604658','','2007-07-19 14:17:23',101),(136,1,'35.00','670.00','Factura varias Costanera Uno - cabo para el traveller','Restan 35','2007-08-10 19:44:10',59),(137,1,'-35.00','635.00','cancelacion del credito anterior','','2007-08-17 10:17:15',59),(138,1,'50.00','685.00','25430713','','2007-09-13 15:21:37',50),(139,1,'40.00','725.00','25430713','','2007-09-26 15:38:19',50),(140,1,'20.00','745.00','31970237','','2007-10-08 17:27:15',111),(141,1,'35.00','780.00','30495936','','2007-10-18 14:59:32',112),(142,1,'100.00','880.00','25430713','','2007-10-23 16:58:15',50),(143,1,'35.00','915.00','','','2007-11-02 16:38:01',106),(158,2,'254.53','439.43','','COSTANERA UNO SA. 24/08/07','2007-12-26 09:48:37',NULL),(146,1,'35.00','985.00','24069144','','2007-11-26 15:34:29',115),(147,1,'25.00','1010.00','33499231','','2007-12-06 15:16:01',51),(148,1,'25.00','1035.00','33499231','','2007-12-06 15:16:56',106),(149,1,'20.00','1055.00','','','2007-12-18 11:39:52',112),(150,1,'70.00','1125.00','','','2007-12-18 11:59:28',116),(151,1,'20.00','1145.00','','','2007-12-18 14:18:30',112),(152,2,'445.04','699.96','','COSTANERA UNO- Factura nº 4030 ( Derrotero, mordaza, etc)','2007-12-21 17:13:33',NULL),(153,4,'6.00','693.96','','YCA - gallardete','2007-12-21 17:18:11',NULL),(161,2,'10.25','-64.98','','FACTURA 13/12/2006','2007-12-26 09:54:20',NULL),(160,2,'215.90','-54.73','','CARREFOUR','2007-12-26 09:53:23',NULL),(159,2,'278.26','161.17','','COSTANERA UNO SA. 27/08/2007','2007-12-26 09:49:15',NULL),(162,2,'13.93','-78.91','','SYC','2007-12-26 09:55:38',NULL),(163,2,'13.10','-92.01','','','2007-12-26 09:56:01',NULL),(164,2,'90.00','-182.01','','J.A.MITRA- Fact. nº 230. Reparación puerta.','2007-12-26 09:57:01',NULL),(165,2,'41.43','-223.44','','BOUSA ELECTRÓNICA. FACT Nº 16022','2007-12-26 09:58:06',NULL),(166,2,'7.28','-230.72','','COSTANERA UNO SA FACT 39515','2007-12-26 09:59:18',NULL),(167,2,'48.07','-278.79','','COSTANERA UNO SA. FACT Nº 40342','2007-12-26 10:00:45',NULL),(168,2,'75.18','-353.97','','COSTANERA UNO SA. FACT Nº 44462','2007-12-26 10:01:13',NULL),(169,2,'13.90','-367.87','','HER-FER-MAQ FACT Nº 14910','2007-12-26 10:02:03',NULL),(170,2,'106.64','-474.51','','COSTANERA UNO SA. 20/10/2006','2007-12-26 10:02:42',NULL),(171,2,'136.26','-610.77','','COSTANERA UNO SA. FACT Nº 39006','2007-12-26 10:03:22',NULL),(172,2,'134.26','-745.03','','COSTANERA UNO SA. FACT Nº 39305','2007-12-26 10:03:56',NULL),(173,5,'10.03','-755.06','','OPESSA CATALINAS. FACT Nº 47445','2007-12-26 10:06:12',NULL),(174,5,'2.45','-757.51','','OPESSA CATALINAS. FACT Nº 47446','2007-12-26 10:06:37',NULL),(175,2,'226.16','-983.67','','COSTANERA UNO SA. FACT Nº 9513','2007-12-27 10:24:27',NULL),(176,1,'105.00','-878.67','','','2007-12-27 11:19:58',118),(177,1,'35.00','-843.67','Cobro M.Ortiz (Ceitba cerrado)','se informo via mail a ceitba del 4 enero 2008','2008-01-04 12:00:04',100),(178,1,'65.00','-778.67','Cobro M.Ortiz (Ceitba cerrado)','se informo via mail a ceitba del 4 enero 2008','2008-01-04 12:01:56',100),(179,1,'5.00','-773.67','31017557','a liquidar luego','2008-01-11 13:27:25',105),(180,1,'70.00','-703.67','','','2008-02-12 11:33:40',105),(181,1,'105.00','-598.67','','','2008-02-18 13:47:04',119),(182,1,'100.00','-498.67','','','2008-03-04 09:20:02',114),(190,1,'40.00','-333.67','','','2008-04-03 12:13:27',112),(191,1,'100.00','-233.67','','','2008-07-25 12:55:35',100),(192,1,'90.00','-143.67','','','2008-07-28 10:35:40',100),(189,1,'70.00','-373.67','','','2008-04-01 11:36:59',122),(188,1,'20.00','-443.67','','','2008-03-25 15:54:53',121),(187,1,'35.00','-463.67','','','2008-03-06 15:21:59',120);
/*!40000 ALTER TABLE `tbl_movements` ENABLE KEYS */;
UNLOCK TABLES;

--
-- Table structure for table `tbl_parameters`
--

DROP TABLE IF EXISTS `tbl_parameters`;
CREATE TABLE `tbl_parameters` (
  `name` varchar(100) NOT NULL default '',
  `value` varchar(255) default NULL,
  `label` varchar(255) default NULL,
  `reference_data_statement` varchar(255) default NULL,
  PRIMARY KEY  (`name`)
) ENGINE=MyISAM DEFAULT CHARSET=latin1;

--
-- Dumping data for table `tbl_parameters`
--

LOCK TABLES `tbl_parameters` WRITE;
/*!40000 ALTER TABLE `tbl_parameters` DISABLE KEYS */;
INSERT INTO `tbl_parameters` VALUES ('MAIN_ADMIN_ID','92','Administrador por defecto','select user_id as id, concat(surname, \', \', name) as description from tbl_users order by surname, name'),('DEFAULT_BOAT_ID','2','Barco por defecto','select boat_id as id, name as description from tbl_boats order by name'),('RESERVATION_MOVEMENT','1','Movimiento de Ingreso para Reservas','select movement_type_id as id, description from tbl_movement_types order by description'),('ACTIVE_RESERVATION_STATE_ID','1','Estado para reserva activa','select reservation_state_id as id, description from tbl_reservation_states order by description'),('MAX_CREDIT_LIMIT','0','Deuda Maxima',NULL),('BOAT_TIME_TABLE_DAYS','45','Cantidad de dias del horario',NULL),('MAX_ACTIVE_RESERVATIONS','100','Cantidad maxima de reservas activas',NULL),('MAX_INVITED_CREW','5','Cantidad maxima de invitados',NULL),('ADMIN_CANCEL_RESERVATION_STATE_ID','3','Estado para reserva cancelada por administrador','select reservation_state_id as id, description from tbl_reservation_states order by description'),('USER_CANCEL_RESERVATION_STATE_ID','2','Estado para reserva cancelada por usuario','select reservation_state_id as id, description from tbl_reservation_states order by description');
/*!40000 ALTER TABLE `tbl_parameters` ENABLE KEYS */;
UNLOCK TABLES;

--
-- Table structure for table `tbl_permit_types`
--

DROP TABLE IF EXISTS `tbl_permit_types`;
CREATE TABLE `tbl_permit_types` (
  `permit_type_id` int(3) NOT NULL default '0',
  `description` varchar(50) default NULL,
  PRIMARY KEY  (`permit_type_id`)
) ENGINE=MyISAM DEFAULT CHARSET=latin1;

--
-- Dumping data for table `tbl_permit_types`
--

LOCK TABLES `tbl_permit_types` WRITE;
/*!40000 ALTER TABLE `tbl_permit_types` DISABLE KEYS */;
INSERT INTO `tbl_permit_types` VALUES (1,'Timonel Yate Vela Motor'),(2,'Patrón Yate Vela Motor');
/*!40000 ALTER TABLE `tbl_permit_types` ENABLE KEYS */;
UNLOCK TABLES;

--
-- Table structure for table `tbl_profiles`
--

DROP TABLE IF EXISTS `tbl_profiles`;
CREATE TABLE `tbl_profiles` (
  `profile_id` int(10) NOT NULL default '0',
  `description` varchar(50) default NULL,
  `special_reserver` int(1) default NULL,
  `home_menu_item_id` int(3) default NULL,
  PRIMARY KEY  (`profile_id`)
) ENGINE=MyISAM DEFAULT CHARSET=latin1;

--
-- Dumping data for table `tbl_profiles`
--

LOCK TABLES `tbl_profiles` WRITE;
/*!40000 ALTER TABLE `tbl_profiles` DISABLE KEYS */;
INSERT INTO `tbl_profiles` VALUES (1,'Administrador',1,12),(2,'Usuario Navegante',0,12),(3,'Instructor Curso YCA',1,12),(4,'Administrador Ingresos Reservas',0,5),(5,'Administrador No Navegante',0,1),(6,'Usuario Especial CEITBA',1,12);
/*!40000 ALTER TABLE `tbl_profiles` ENABLE KEYS */;
UNLOCK TABLES;

--
-- Table structure for table `tbl_profiles_menu_items`
--

DROP TABLE IF EXISTS `tbl_profiles_menu_items`;
CREATE TABLE `tbl_profiles_menu_items` (
  `menu_item_id` int(3) NOT NULL default '0',
  `profile_id` int(10) NOT NULL default '0',
  PRIMARY KEY  (`menu_item_id`,`profile_id`),
  KEY `profile_id` (`profile_id`),
  KEY `menu_item_id` (`menu_item_id`)
) ENGINE=MyISAM DEFAULT CHARSET=latin1;

--
-- Dumping data for table `tbl_profiles_menu_items`
--

LOCK TABLES `tbl_profiles_menu_items` WRITE;
/*!40000 ALTER TABLE `tbl_profiles_menu_items` DISABLE KEYS */;
INSERT INTO `tbl_profiles_menu_items` VALUES (1,1),(1,5),(2,1),(2,5),(3,1),(3,5),(4,1),(4,5),(5,1),(5,4),(5,5),(6,1),(6,5),(7,1),(7,5),(8,1),(8,2),(8,4),(8,5),(8,6),(9,1),(9,2),(9,3),(9,6),(10,1),(10,2),(10,3),(10,4),(10,5),(10,6),(11,1),(11,2),(11,3),(11,4),(11,5),(11,6),(12,1),(12,2),(12,3),(12,5),(12,6),(13,1),(13,3),(13,5),(14,1);
/*!40000 ALTER TABLE `tbl_profiles_menu_items` ENABLE KEYS */;
UNLOCK TABLES;

--
-- Table structure for table `tbl_reservation_contacts`
--

DROP TABLE IF EXISTS `tbl_reservation_contacts`;
CREATE TABLE `tbl_reservation_contacts` (
  `reservation_id` int(10) NOT NULL default '0',
  `contact_id` int(10) NOT NULL default '0',
  PRIMARY KEY  (`reservation_id`,`contact_id`),
  KEY `reservation_id` (`reservation_id`),
  KEY `contact_id` (`contact_id`)
) ENGINE=MyISAM DEFAULT CHARSET=latin1;

--
-- Dumping data for table `tbl_reservation_contacts`
--

LOCK TABLES `tbl_reservation_contacts` WRITE;
/*!40000 ALTER TABLE `tbl_reservation_contacts` DISABLE KEYS */;
INSERT INTO `tbl_reservation_contacts` VALUES (7,1),(8,2),(14,1),(16,4),(19,5),(19,6),(19,7),(19,8),(22,9),(26,11),(26,12),(26,13),(27,11),(27,14),(27,15),(28,16),(29,17),(29,18),(29,19),(29,20),(30,11),(30,12),(30,13),(30,14),(33,21),(34,11),(34,22),(34,23),(35,24),(36,24),(36,25),(36,26),(37,27),(39,28),(39,29),(39,30),(41,28),(41,31),(41,32),(47,6),(47,8),(47,37),(47,38),(47,39),(53,40),(53,41),(58,42),(58,43),(58,44),(58,45),(60,46),(60,47),(60,48),(60,49),(61,43),(61,51),(69,28),(69,52),(69,53),(69,54),(72,31),(72,52),(73,55),(73,56),(74,57),(75,58),(75,59),(80,58),(80,59),(81,60),(81,61),(82,58),(82,61),(83,62),(83,63),(83,64),(83,65),(83,66),(84,17),(84,18),(84,19),(84,20),(84,67),(86,59),(87,68),(87,69),(87,70),(87,71),(87,72),(88,69),(88,73),(89,22),(89,74),(90,75),(90,76),(90,77),(90,78),(91,65),(91,66),(92,42),(92,44),(92,45),(92,79),(93,42),(93,44),(93,45),(93,79),(94,80),(95,57),(97,16),(97,81),(98,83),(98,84),(100,84),(103,65),(103,76),(104,85),(104,87),(106,83),(106,84),(106,88),(110,65),(110,66),(110,89),(113,90),(113,91),(113,92),(114,90),(115,71),(115,89),(116,60),(116,61),(116,93),(116,94),(117,95),(117,96),(117,97),(118,60),(118,61),(118,86),(118,94),(119,98),(120,99),(121,100),(121,101),(121,102),(121,103),(123,61),(123,71),(124,61),(124,71),(125,53),(125,104),(125,105),(127,100),(127,106),(128,65),(128,66),(129,107),(129,108),(130,109),(130,111),(131,112),(131,113),(131,114),(132,116),(132,117),(133,118),(133,119),(134,28),(134,31),(134,32),(135,120),(136,120),(136,121),(137,120),(137,121),(137,122),(138,120),(138,121),(139,120),(139,121),(140,55),(140,56),(141,58),(141,61),(141,71),(142,65),(142,66),(143,91),(143,106),(143,114),(144,60),(144,94),(145,123),(145,124),(146,125),(146,126),(147,45),(147,127),(147,128),(148,45),(148,127),(148,129),(149,130),(149,131),(149,132),(150,29),(150,133),(150,134),(151,29),(151,133),(151,134),(152,29),(152,135),(153,29),(153,135),(154,61),(155,91),(156,91),(156,114),(156,136),(156,137),(156,139),(157,140),(157,141),(158,142),(158,143),(158,144),(159,140),(159,145),(159,146),(161,99),(162,147),(162,148),(162,149),(164,142),(164,143),(164,144),(165,89),(165,123),(166,120),(166,121),(167,120),(167,121),(168,120),(168,121),(169,65),(169,66),(169,99),(170,65),(170,66),(171,65),(175,150),(176,151),(177,65),(177,66),(179,65),(180,152),(192,153),(192,154),(193,65),(194,57),(195,152),(195,154),(196,157),(196,158),(196,159),(196,160),(196,161),(197,162),(198,65),(199,157),(199,158),(200,157),(200,163),(201,140),(201,164),(202,165),(203,65),(204,59),(204,166),(212,167),(212,168),(215,140),(215,167),(216,59),(216,62),(216,165),(217,162),(222,65),(222,99),(222,169),(225,170),(225,171),(225,172),(226,120),(226,173),(226,174),(226,175),(227,150),(228,176),(229,177),(231,166),(231,169),(232,178),(233,166),(233,178),(233,179),(234,166),(234,178),(234,179),(234,180),(235,165),(236,99),(237,166),(238,59),(238,166),(238,179),(238,181),(239,182),(240,182),(240,183),(240,184),(241,176),(241,185),(242,179),(242,180),(245,186),(246,65),(246,66),(248,85),(249,65),(249,66),(249,187),(249,188),(250,65),(250,66),(250,187),(251,85),(251,87),(253,66),(253,187),(253,190),(254,85),(254,191),(254,192),(257,183),(257,193),(257,194),(258,186),(259,66),(259,190);
/*!40000 ALTER TABLE `tbl_reservation_contacts` ENABLE KEYS */;
UNLOCK TABLES;

--
-- Table structure for table `tbl_reservation_states`
--

DROP TABLE IF EXISTS `tbl_reservation_states`;
CREATE TABLE `tbl_reservation_states` (
  `reservation_state_id` int(3) NOT NULL default '0',
  `description` varchar(50) default NULL,
  PRIMARY KEY  (`reservation_state_id`)
) ENGINE=MyISAM DEFAULT CHARSET=latin1;

--
-- Dumping data for table `tbl_reservation_states`
--

LOCK TABLES `tbl_reservation_states` WRITE;
/*!40000 ALTER TABLE `tbl_reservation_states` DISABLE KEYS */;
INSERT INTO `tbl_reservation_states` VALUES (1,'Activa'),(2,'Cancelada por Usuario'),(3,'Cancelada por Administrador'),(4,'Salida Realizada');
/*!40000 ALTER TABLE `tbl_reservation_states` ENABLE KEYS */;
UNLOCK TABLES;

--
-- Table structure for table `tbl_reservation_types`
--

DROP TABLE IF EXISTS `tbl_reservation_types`;
CREATE TABLE `tbl_reservation_types` (
  `reservation_type_id` int(3) NOT NULL default '0',
  `description` varchar(50) default NULL,
  `shifts_qty` int(3) default NULL,
  `enabled` int(1) default '1',
  `extra_value` decimal(10,2) default '0.00',
  PRIMARY KEY  (`reservation_type_id`)
) ENGINE=MyISAM DEFAULT CHARSET=latin1;

--
-- Dumping data for table `tbl_reservation_types`
--

LOCK TABLES `tbl_reservation_types` WRITE;
/*!40000 ALTER TABLE `tbl_reservation_types` DISABLE KEYS */;
INSERT INTO `tbl_reservation_types` VALUES (1,'Reserva Turno',1,1,'0.00');
/*!40000 ALTER TABLE `tbl_reservation_types` ENABLE KEYS */;
UNLOCK TABLES;

--
-- Table structure for table `tbl_reservations`
--

DROP TABLE IF EXISTS `tbl_reservations`;
CREATE TABLE `tbl_reservations` (
  `reservation_id` int(10) NOT NULL auto_increment,
  `state_date` datetime default '0000-00-00 00:00:00',
  `value` decimal(10,2) default NULL,
  `user_id` int(10) default NULL,
  `reservation_type_id` int(3) default NULL,
  `reservation_state_id` int(3) default NULL,
  `boat_id` int(3) default NULL,
  PRIMARY KEY  (`reservation_id`),
  KEY `user_id` (`user_id`),
  KEY `reservation_type_id` (`reservation_type_id`),
  KEY `reservation_state_id` (`reservation_state_id`),
  KEY `boat_id` (`boat_id`)
) ENGINE=MyISAM AUTO_INCREMENT=260 DEFAULT CHARSET=latin1;

--
-- Dumping data for table `tbl_reservations`
--

LOCK TABLES `tbl_reservations` WRITE;
/*!40000 ALTER TABLE `tbl_reservations` DISABLE KEYS */;
INSERT INTO `tbl_reservations` VALUES (1,'2006-01-30 14:55:40','20.00',18,1,3,1),(2,'2006-01-30 14:55:40','20.00',18,1,3,1),(3,'2006-01-30 14:55:40','20.00',18,1,3,1),(4,'2006-01-30 14:55:40','20.00',18,1,3,1),(5,'2006-01-30 14:55:40','20.00',18,1,3,1),(6,'2004-11-27 17:11:41','20.00',51,1,2,1),(7,'2006-01-30 14:55:40','20.00',40,1,3,1),(8,'2006-01-30 14:55:40','20.00',6,1,3,1),(9,'2006-01-30 14:55:40','20.00',18,1,3,1),(10,'2006-01-30 14:55:40','20.00',18,1,3,1),(11,'2006-01-30 14:55:40','15.00',18,1,3,1),(12,'2006-01-30 14:55:40','15.00',18,1,3,1),(13,'2006-01-30 14:55:40','15.00',18,1,3,1),(20,'2006-01-30 14:55:40','20.00',65,1,3,1),(19,'2006-01-30 14:55:40','20.00',35,1,3,1),(16,'2006-01-30 14:55:40','20.00',26,1,3,1),(21,'2005-01-31 14:04:12','20.00',19,1,3,1),(22,'2005-02-06 15:15:09','20.00',51,1,3,1),(23,'2005-02-04 22:31:31','20.00',19,1,2,1),(24,'2006-01-30 14:55:41','20.00',19,1,3,1),(25,'2006-01-30 14:55:41','20.00',52,1,3,1),(26,'2005-02-19 21:17:32','20.00',34,1,2,1),(27,'2006-01-30 14:55:41','20.00',34,1,3,1),(28,'2006-01-30 14:55:41','20.00',43,1,3,1),(29,'2006-01-30 14:55:41','15.00',37,1,3,1),(30,'2005-03-06 11:05:23','20.00',34,1,2,1),(31,'2006-01-30 14:55:41','15.00',60,1,3,1),(32,'2005-03-03 14:12:39','15.00',65,1,2,1),(33,'2006-01-30 14:55:41','20.00',43,1,3,1),(34,'2006-01-30 14:55:41','20.00',34,1,3,1),(35,'2005-03-10 14:41:11','20.00',5,1,2,1),(36,'2006-01-30 14:55:41','20.00',5,1,3,1),(37,'2005-03-23 22:54:23','20.00',15,1,3,1),(38,'2005-03-20 14:03:58','20.00',51,1,2,1),(39,'2005-03-18 17:14:54','20.00',59,1,2,1),(40,'2006-01-30 14:55:41','20.00',18,1,3,1),(41,'2006-01-30 14:55:41','20.00',59,1,3,1),(42,'2006-01-30 14:55:41','15.00',18,1,3,1),(43,'2005-04-06 12:12:23','20.00',5,1,3,1),(44,'2005-04-06 18:58:19','15.00',15,1,2,1),(45,'2006-01-30 14:55:41','15.00',51,1,3,1),(46,'2005-04-10 12:59:13','20.00',51,1,2,1),(47,'2006-01-30 14:55:41','20.00',35,1,3,1),(48,'2005-04-15 14:27:24','20.00',26,1,2,1),(49,'2005-04-15 15:48:46','20.00',26,1,2,1),(50,'2005-04-15 23:30:39','20.00',26,1,2,1),(51,'2005-04-18 16:56:44','20.00',47,1,2,1),(52,'2005-05-01 10:37:29','20.00',47,1,3,1),(53,'2005-04-23 09:52:25','20.00',34,1,2,1),(54,'2005-04-23 11:29:01','20.00',6,1,2,1),(55,'2005-05-01 10:36:39','20.00',15,1,3,1),(56,'2005-05-21 20:25:06','20.00',51,1,3,1),(57,'2005-05-21 20:19:58','20.00',5,1,3,1),(58,'2006-01-30 14:55:41','20.00',34,1,3,1),(59,'2006-01-30 14:55:41','20.00',6,1,3,1),(60,'2006-01-30 14:55:41','20.00',13,1,3,1),(61,'2005-06-16 18:38:37','20.00',34,1,2,1),(62,'2006-01-30 14:55:41','15.00',18,1,3,1),(63,'2005-06-22 13:13:03','15.00',18,1,2,1),(64,'2006-01-30 14:55:42','20.00',18,1,3,1),(65,'2006-01-30 14:55:42','20.00',18,1,3,1),(66,'2006-01-30 14:55:42','20.00',18,1,3,1),(67,'2006-01-30 14:55:42','20.00',18,1,3,1),(68,'2006-01-30 14:55:42','15.00',37,1,3,1),(69,'2006-01-30 14:55:42','20.00',59,1,3,1),(70,'2006-01-30 14:55:42','20.00',18,1,3,1),(71,'2005-10-23 12:32:31','20.00',59,1,2,1),(72,'2006-01-30 14:55:42','20.00',59,1,3,1),(73,'2006-01-30 14:55:42','20.00',6,1,3,1),(74,'2005-11-08 03:57:03','20.00',80,1,3,1),(75,'2005-11-17 22:21:39','15.00',80,1,3,1),(76,'2006-01-30 14:55:42','20.00',18,1,3,1),(77,'2006-01-30 14:55:42','20.00',18,1,3,1),(78,'2006-01-30 14:55:42','20.00',18,1,3,1),(79,'2006-01-30 14:55:42','20.00',18,1,3,1),(80,'2005-11-27 20:26:27','15.00',80,1,3,1),(81,'2005-12-09 23:07:12','20.00',80,1,3,1),(82,'2005-12-11 11:49:27','20.00',80,1,3,1),(83,'2005-12-16 07:44:33','20.00',80,1,3,1),(84,'2006-01-30 14:55:42','20.00',37,1,3,1),(85,'2006-01-17 17:46:29','20.00',19,1,3,1),(86,'2006-01-23 21:48:04','15.00',80,1,3,1),(87,'2006-01-23 21:47:54','15.00',80,1,3,1),(88,'2006-01-27 17:23:51','20.00',80,1,2,1),(89,'2006-01-30 14:55:42','20.00',34,1,3,1),(90,'2006-01-30 14:55:42','20.00',80,1,3,1),(91,'2006-02-13 11:07:07','20.00',80,1,3,1),(92,'2006-02-09 12:01:43','20.00',34,1,2,1),(93,'2006-02-13 11:07:00','20.00',34,1,3,1),(94,'2006-02-16 12:34:02','15.00',80,1,3,1),(95,'2006-02-23 01:53:09','20.00',80,1,3,1),(96,'2006-02-16 11:06:23','15.00',87,1,4,1),(97,'2006-02-16 20:28:16','20.00',43,1,4,1),(98,'2006-03-31 12:52:14','20.00',91,1,4,1),(99,'2006-04-02 11:36:06','20.00',92,1,4,1),(100,'2006-04-06 14:57:38','20.00',91,1,4,1),(101,'2006-04-21 23:19:23','20.00',91,1,4,1),(102,'2006-07-18 20:09:09','15.00',13,1,3,1),(103,'2006-07-30 10:59:17','15.00',80,1,2,1),(104,'2006-07-30 12:55:13','20.00',92,1,2,1),(105,'2006-09-10 04:10:07','15.00',92,1,3,1),(106,'2006-08-31 10:35:26','15.00',91,1,4,1),(107,'2006-09-10 04:10:18','20.00',92,1,3,1),(108,'2006-09-10 04:10:22','20.00',92,1,3,1),(109,'2006-09-16 14:41:56','15.00',91,1,4,1),(110,'2006-09-26 10:55:39','20.00',80,1,3,1),(111,'2006-09-20 18:23:45','20.00',18,1,4,1),(112,'2006-09-21 14:35:21','20.00',18,1,4,1),(113,'2006-09-22 09:47:47','15.00',80,1,2,1),(114,'2006-09-26 15:22:47','15.00',80,1,3,1),(115,'2006-10-03 18:11:35','15.00',80,1,2,1),(116,'2006-10-05 16:51:41','20.00',80,1,2,1),(117,'2006-10-09 18:31:28','20.00',80,1,3,1),(118,'2006-10-09 18:31:36','20.00',80,1,3,1),(119,'2006-10-09 18:31:10','20.00',6,1,3,1),(120,'2006-10-14 19:48:16','15.00',80,1,2,1),(121,'2006-11-01 21:15:59','15.00',80,1,2,1),(122,'2006-11-26 23:07:49','20.00',92,1,3,1),(123,'2006-11-26 23:29:21','20.00',80,1,2,1),(124,'2006-11-26 23:31:24','35.00',80,1,2,1),(125,'2006-11-30 10:18:57','20.00',59,1,4,1),(126,'2006-11-30 12:07:07','20.00',91,1,4,1),(127,'2006-12-07 16:38:37','20.00',80,1,3,1),(128,'2006-12-07 16:38:12','35.00',80,1,4,1),(129,'2006-12-14 21:42:29','35.00',99,1,4,1),(130,'2006-12-15 14:12:01','20.00',99,1,4,1),(131,'2006-12-28 17:11:03','20.00',80,1,4,1),(132,'2006-12-29 16:24:09','20.00',80,1,4,1),(133,'2007-01-18 09:39:59','20.00',101,1,4,1),(134,'2007-01-19 23:39:13','35.00',59,1,4,1),(135,'2007-01-22 16:24:42','20.00',100,1,2,1),(136,'2007-01-22 18:49:35','20.00',100,1,2,1),(137,'2007-01-23 07:24:38','20.00',100,1,2,1),(138,'2007-01-23 07:28:05','20.00',100,1,2,1),(139,'2007-01-23 07:28:13','20.00',100,1,4,1),(140,'2007-01-24 18:37:12','35.00',6,1,4,1),(141,'2007-01-26 12:36:22','35.00',80,1,2,1),(142,'2007-01-27 13:45:59','35.00',80,1,3,1),(143,'2007-01-31 12:13:51','20.00',80,1,3,1),(144,'2007-01-31 12:11:54','35.00',80,1,4,1),(145,'2007-02-02 16:26:14','20.00',80,1,4,1),(146,'2007-02-07 15:07:53','20.00',99,1,4,1),(147,'2007-02-09 18:36:39','35.00',34,1,2,1),(148,'2007-02-09 18:37:29','35.00',34,1,4,1),(149,'2007-02-11 20:01:06','20.00',91,1,4,1),(150,'2007-02-25 12:00:37','35.00',59,1,2,1),(151,'2007-02-25 12:48:34','35.00',59,1,4,1),(154,'2007-03-03 09:38:33','35.00',80,1,2,1),(155,'2007-03-13 12:40:43','20.00',80,1,2,1),(156,'2007-03-13 12:44:56','20.00',80,1,4,1),(157,'2007-03-18 18:09:45','20.00',106,1,4,1),(158,'2007-03-21 16:57:20','20.00',106,1,4,1),(159,'2007-03-23 17:17:06','35.00',106,1,4,1),(160,'2007-03-26 14:47:12','20.00',96,1,4,1),(161,'2007-04-05 13:21:05','20.00',80,1,4,1),(162,'2007-04-06 12:45:07','20.00',105,1,4,1),(163,'2007-04-07 10:00:16','35.00',80,1,4,1),(164,'2007-04-30 13:48:13','20.00',106,1,4,1),(165,'2007-05-07 12:32:40','35.00',80,1,3,1),(166,'2007-05-06 12:21:29','35.00',100,1,2,1),(167,'2007-05-19 11:06:18','35.00',100,1,2,1),(168,'2007-05-19 11:06:36','35.00',100,1,4,1),(169,'2007-05-26 12:30:50','35.00',80,1,2,1),(170,'2007-06-08 11:08:46','35.00',80,1,2,1),(171,'2007-06-10 12:35:08','35.00',80,1,2,1),(172,'2007-06-26 15:50:56','20.00',18,1,4,1),(173,'2007-06-26 15:51:47','35.00',18,1,4,1),(174,'2007-06-26 15:52:07','35.00',18,1,4,1),(175,'2007-07-21 23:10:04','35.00',101,1,2,1),(176,'2007-08-19 17:09:04','20.00',105,1,4,1),(177,'2007-09-09 18:35:05','35.00',80,1,3,1),(178,'2007-08-31 19:15:09','35.00',19,1,4,1),(179,'2007-09-09 18:34:59','35.00',80,1,3,1),(180,'2007-09-18 13:49:33','20.00',50,1,4,1),(181,'2007-09-24 21:29:36','20.00',18,1,4,1),(182,'2007-09-24 21:30:15','35.00',18,1,4,1),(183,'2007-09-24 21:30:33','20.00',18,1,4,1),(184,'2007-09-24 21:31:00','35.00',18,1,4,1),(185,'2007-09-24 21:31:41','20.00',18,1,4,1),(186,'2007-10-09 12:34:08','35.00',18,1,3,1),(187,'2007-09-24 21:33:09','20.00',18,1,4,1),(188,'2007-09-24 21:33:29','35.00',18,1,4,1),(189,'2007-09-24 21:33:46','20.00',18,1,4,1),(190,'2007-09-24 21:34:13','35.00',18,1,4,1),(191,'2007-09-24 21:34:47','20.00',18,1,4,1),(192,'2007-09-26 16:36:57','35.00',50,1,4,1),(193,'2007-09-26 22:19:46','35.00',80,1,4,1),(194,'2007-10-13 18:29:14','20.00',80,1,3,1),(195,'2007-10-03 13:08:54','35.00',50,1,2,1),(196,'2007-10-03 13:15:50','35.00',50,1,4,1),(197,'2007-11-25 22:24:45','20.00',111,1,3,1),(198,'2007-10-13 18:25:42','35.00',80,1,4,1),(199,'2007-10-24 19:58:21','35.00',50,1,2,1),(200,'2007-10-24 20:00:14','35.00',50,1,4,1),(201,'2007-11-09 12:37:23','35.00',106,1,3,1),(202,'2007-11-14 18:26:31','20.00',80,1,4,1),(203,'2007-11-16 18:13:00','35.00',80,1,4,1),(204,'2007-11-21 15:43:20','20.00',80,1,4,1),(205,'2007-11-26 15:35:18','20.00',115,1,4,1),(206,'2007-11-27 11:57:23','35.00',18,1,4,1),(207,'2007-11-27 11:57:36','35.00',18,1,4,1),(208,'2007-11-27 11:57:57','20.00',18,1,4,1),(209,'2007-11-27 11:58:09','35.00',18,1,4,1),(210,'2007-11-27 11:58:21','20.00',18,1,4,1),(211,'2007-11-27 11:58:34','35.00',18,1,4,1),(212,'2007-11-30 12:42:09','20.00',106,1,4,1),(213,'2007-12-04 15:19:03','20.00',112,1,4,1),(214,'2007-12-05 00:07:15','20.00',91,1,4,1),(215,'2007-12-06 22:27:03','20.00',106,1,2,1),(216,'2007-12-18 15:13:04','20.00',80,1,3,1),(217,'2007-12-18 15:59:48','20.00',111,1,4,1),(218,'2007-12-19 08:58:05','20.00',112,1,4,1),(219,'2007-12-19 16:21:42','20.00',92,1,4,1),(220,'2008-06-26 12:52:46','35.00',92,1,3,1),(221,'2007-12-24 00:21:39','20.00',112,1,2,1),(222,'2008-06-26 12:52:46','35.00',80,1,3,1),(223,'2008-01-28 21:20:19','20.00',112,1,2,1),(224,'2008-01-04 09:45:27','20.00',50,1,2,1),(225,'2008-06-26 12:52:46','20.00',50,1,3,1),(226,'2008-06-26 12:52:46','35.00',100,1,3,1),(227,'2008-06-26 12:52:46','20.00',101,1,3,1),(228,'2008-06-26 12:52:46','35.00',105,1,3,1),(229,'2008-01-12 20:34:19','35.00',19,1,2,1),(230,'2008-06-26 12:52:46','35.00',118,1,3,1),(231,'2008-01-29 15:41:31','20.00',80,1,2,1),(232,'2008-01-29 15:45:21','20.00',80,1,2,1),(233,'2008-01-29 16:45:53','20.00',80,1,2,1),(234,'2008-06-26 12:52:46','20.00',80,1,3,1),(235,'2008-06-26 12:52:46','20.00',80,1,3,1),(236,'2008-02-17 08:41:47','35.00',80,1,2,1),(237,'2008-02-17 08:41:51','35.00',80,1,2,1),(238,'2008-06-26 12:52:46','20.00',80,1,3,1),(239,'2008-02-20 12:44:56','20.00',101,1,2,1),(240,'2008-02-25 09:25:58','20.00',101,1,2,1),(241,'2008-06-26 12:52:46','35.00',105,1,3,1),(242,'2008-06-26 12:52:46','35.00',80,1,3,1),(243,'2008-03-28 16:49:46','35.00',116,1,2,1),(244,'2008-06-26 12:52:46','20.00',116,1,3,1),(245,'2008-03-31 13:54:28','20.00',121,1,2,1),(246,'2008-03-29 00:33:18','35.00',80,1,2,1),(247,'2008-06-26 12:52:46','20.00',112,1,3,1),(248,'2008-06-26 12:52:46','35.00',92,1,3,1),(249,'2008-06-26 12:52:46','35.00',80,1,3,1),(250,'2008-04-02 00:24:33','35.00',80,1,3,1),(251,'2008-04-01 14:20:35','20.00',92,1,3,1),(252,'2008-04-02 00:29:00','20.00',92,1,2,1),(253,'2008-04-02 00:32:49','35.00',80,1,2,1),(254,'2008-06-26 12:52:46','35.00',92,1,3,1),(255,'2008-04-05 13:17:16','35.00',112,1,2,1),(256,'2008-06-26 12:52:46','35.00',112,1,3,1),(257,'2008-06-26 12:52:46','35.00',101,1,3,1),(258,'2008-06-26 12:52:46','20.00',121,1,3,1),(259,'2008-06-26 12:52:46','20.00',80,1,3,1);
/*!40000 ALTER TABLE `tbl_reservations` ENABLE KEYS */;
UNLOCK TABLES;

--
-- Table structure for table `tbl_reservations_shifts`
--

DROP TABLE IF EXISTS `tbl_reservations_shifts`;
CREATE TABLE `tbl_reservations_shifts` (
  `date` date NOT NULL default '0000-00-00',
  `reservation_id` int(10) NOT NULL default '0',
  `shift_id` int(10) NOT NULL default '0',
  PRIMARY KEY  (`date`,`reservation_id`,`shift_id`),
  KEY `shift_id` (`shift_id`),
  KEY `reservation_id` (`reservation_id`)
) ENGINE=MyISAM DEFAULT CHARSET=latin1;

--
-- Dumping data for table `tbl_reservations_shifts`
--

LOCK TABLES `tbl_reservations_shifts` WRITE;
/*!40000 ALTER TABLE `tbl_reservations_shifts` DISABLE KEYS */;
INSERT INTO `tbl_reservations_shifts` VALUES ('2004-11-13',1,1),('2004-11-13',2,2),('2004-11-14',3,1),('2004-11-14',4,2),('2004-11-21',5,1),('2004-11-28',6,2),('2004-12-05',7,2),('2004-12-11',8,2),('2004-12-18',9,1),('2004-12-18',10,2),('2004-12-20',11,2),('2004-12-22',12,1),('2005-01-18',13,2),('2005-01-22',16,2),('2005-01-23',15,1),('2005-01-25',14,1),('2005-01-27',18,2),('2005-01-28',17,2),('2005-01-28',18,1),('2005-01-29',19,2),('2005-01-30',20,1),('2005-01-30',21,2),('2005-02-05',23,2),('2005-02-05',24,2),('2005-02-06',22,2),('2005-02-19',25,2),('2005-02-20',26,2),('2005-02-20',27,2),('2005-02-24',29,2),('2005-02-26',28,1),('2005-03-03',31,2),('2005-03-04',32,2),('2005-03-05',33,1),('2005-03-06',30,2),('2005-03-06',34,2),('2005-03-12',35,2),('2005-03-12',36,2),('2005-03-19',39,2),('2005-03-19',40,1),('2005-03-19',41,2),('2005-03-20',37,1),('2005-03-20',38,2),('2005-03-24',42,1),('2005-04-02',43,1),('2005-04-08',44,2),('2005-04-08',45,2),('2005-04-10',46,2),('2005-04-10',47,1),('2005-04-16',48,1),('2005-04-16',49,2),('2005-04-16',50,2),('2005-04-23',54,2),('2005-04-24',51,2),('2005-04-24',52,1),('2005-04-24',53,2),('2005-05-01',55,1),('2005-05-01',56,2),('2005-05-07',58,1),('2005-05-07',59,2),('2005-05-15',57,2),('2005-05-22',60,2),('2005-06-18',61,2),('2005-06-22',62,1),('2005-06-22',63,2),('2005-06-25',64,1),('2005-06-25',65,2),('2005-06-26',66,1),('2005-06-26',67,2),('2005-07-28',68,2),('2005-10-02',69,2),('2005-10-08',70,1),('2005-10-23',71,2),('2005-10-23',72,2),('2005-10-30',73,2),('2005-11-05',74,2),('2005-11-09',75,2),('2005-11-12',76,1),('2005-11-12',77,2),('2005-11-13',78,1),('2005-11-13',79,2),('2005-11-22',80,2),('2005-12-04',81,2),('2005-12-11',82,2),('2005-12-11',83,2),('2005-12-31',84,2),('2006-01-08',85,2),('2006-01-19',87,2),('2006-01-20',86,2),('2006-01-28',88,2),('2006-01-28',90,2),('2006-01-29',89,2),('2006-02-10',94,2),('2006-02-11',92,2),('2006-02-11',93,2),('2006-02-12',91,2),('2006-02-17',96,1),('2006-02-19',95,2),('2006-02-19',97,1),('2006-04-01',98,2),('2006-04-08',99,2),('2006-04-09',100,2),('2006-04-23',101,2),('2006-05-01',102,1),('2006-07-30',104,2),('2006-07-31',103,2),('2006-08-31',105,1),('2006-08-31',106,2),('2006-09-09',107,2),('2006-09-09',108,1),('2006-09-21',109,2),('2006-09-22',113,2),('2006-09-23',112,1),('2006-09-24',110,2),('2006-09-24',111,1),('2006-09-26',114,2),('2006-10-04',115,2),('2006-10-07',118,2),('2006-10-08',116,2),('2006-10-08',117,1),('2006-10-08',119,2),('2006-10-30',120,2),('2006-11-02',121,2),('2006-11-26',122,2),('2006-11-27',123,2),('2006-11-30',126,2),('2006-12-01',125,2),('2006-12-02',124,2),('2006-12-06',127,2),('2006-12-10',128,2),('2006-12-15',130,2),('2006-12-16',129,2),('2006-12-28',131,2),('2006-12-29',132,2),('2007-01-19',133,1),('2007-01-20',134,1),('2007-01-23',135,1),('2007-01-23',136,1),('2007-01-23',137,1),('2007-01-23',139,1),('2007-01-24',138,1),('2007-01-27',141,2),('2007-01-27',142,1),('2007-01-28',140,2),('2007-01-30',143,2),('2007-02-02',145,2),('2007-02-03',144,2),('2007-02-07',146,2),('2007-02-11',147,2),('2007-02-11',148,2),('2007-02-12',149,2),('2007-02-25',150,2),('2007-02-25',151,2),('2007-02-25',152,2),('2007-02-25',153,2),('2007-03-04',154,2),('2007-03-13',155,2),('2007-03-13',156,2),('2007-03-19',157,2),('2007-03-24',159,2),('2007-03-26',158,2),('2007-03-28',160,1),('2007-04-05',161,2),('2007-04-06',162,2),('2007-04-07',163,2),('2007-04-30',164,1),('2007-05-05',165,2),('2007-05-06',166,2),('2007-05-19',167,2),('2007-05-20',168,2),('2007-05-26',169,2),('2007-06-09',170,2),('2007-06-10',171,2),('2007-06-26',172,2),('2007-06-30',173,1),('2007-07-01',174,1),('2007-07-22',175,2),('2007-08-20',176,2),('2007-09-01',177,2),('2007-09-02',178,2),('2007-09-09',179,2),('2007-09-21',180,2),('2007-09-25',181,2),('2007-09-28',194,2),('2007-09-29',182,1),('2007-09-29',193,2),('2007-09-30',192,2),('2007-10-02',183,2),('2007-10-06',184,1),('2007-10-07',195,2),('2007-10-07',196,2),('2007-10-09',185,2),('2007-10-13',186,1),('2007-10-13',198,1),('2007-10-15',197,2),('2007-10-16',187,2),('2007-10-20',188,1),('2007-10-23',189,2),('2007-10-27',190,1),('2007-10-27',199,2),('2007-10-27',200,2),('2007-10-30',191,2),('2007-11-03',201,1),('2007-11-14',202,2),('2007-11-17',203,2),('2007-11-22',204,2),('2007-11-28',205,2),('2007-11-30',212,2),('2007-12-01',206,1),('2007-12-01',207,2),('2007-12-04',208,2),('2007-12-05',213,1),('2007-12-05',214,2),('2007-12-07',215,2),('2007-12-08',209,1),('2007-12-11',210,2),('2007-12-15',211,1),('2007-12-18',216,2),('2007-12-19',217,2),('2007-12-19',218,1),('2007-12-21',219,2),('2007-12-22',222,2),('2007-12-23',220,1),('2007-12-24',221,1),('2008-01-05',226,2),('2008-01-07',224,2),('2008-01-07',225,2),('2008-01-11',227,1),('2008-01-12',228,2),('2008-01-13',229,2),('2008-01-20',230,2),('2008-01-29',223,1),('2008-01-30',231,2),('2008-01-30',232,2),('2008-01-30',233,2),('2008-01-30',234,2),('2008-02-04',235,2),('2008-02-11',238,2),('2008-02-23',236,2),('2008-02-23',237,1),('2008-02-25',239,2),('2008-02-25',240,2),('2008-03-15',242,1),('2008-03-16',241,2),('2008-03-29',246,2),('2008-03-29',249,2),('2008-03-30',243,2),('2008-04-01',247,1),('2008-04-01',251,2),('2008-04-02',245,2),('2008-04-03',252,1),('2008-04-04',244,2),('2008-04-05',248,2),('2008-04-05',250,1),('2008-04-05',253,1),('2008-04-05',254,1),('2008-04-06',255,2),('2008-04-06',256,1),('2008-04-06',257,2),('2008-04-22',259,2),('2008-05-01',258,2);
/*!40000 ALTER TABLE `tbl_reservations_shifts` ENABLE KEYS */;
UNLOCK TABLES;

--
-- Table structure for table `tbl_shift_values`
--

DROP TABLE IF EXISTS `tbl_shift_values`;
CREATE TABLE `tbl_shift_values` (
  `day` int(1) NOT NULL default '0',
  `value` decimal(10,2) default NULL,
  `shift_id` int(10) NOT NULL default '0',
  PRIMARY KEY  (`day`,`shift_id`),
  KEY `shift_id` (`shift_id`)
) ENGINE=MyISAM DEFAULT CHARSET=latin1;

--
-- Dumping data for table `tbl_shift_values`
--

LOCK TABLES `tbl_shift_values` WRITE;
/*!40000 ALTER TABLE `tbl_shift_values` DISABLE KEYS */;
INSERT INTO `tbl_shift_values` VALUES (1,'35.00',1),(2,'20.00',1),(3,'20.00',1),(4,'20.00',1),(5,'20.00',1),(6,'20.00',1),(7,'35.00',1),(1,'35.00',2),(2,'20.00',2),(3,'20.00',2),(4,'20.00',2),(5,'20.00',2),(6,'20.00',2),(7,'35.00',2);
/*!40000 ALTER TABLE `tbl_shift_values` ENABLE KEYS */;
UNLOCK TABLES;

--
-- Table structure for table `tbl_shifts`
--

DROP TABLE IF EXISTS `tbl_shifts`;
CREATE TABLE `tbl_shifts` (
  `shift_id` int(10) NOT NULL default '0',
  `description` varchar(100) default NULL,
  `time_to` int(10) default NULL,
  `time_from` int(10) default NULL,
  `enabled` int(1) default '1',
  PRIMARY KEY  (`shift_id`)
) ENGINE=MyISAM DEFAULT CHARSET=latin1;

--
-- Dumping data for table `tbl_shifts`
--

LOCK TABLES `tbl_shifts` WRITE;
/*!40000 ALTER TABLE `tbl_shifts` DISABLE KEYS */;
INSERT INTO `tbl_shifts` VALUES (1,'Turno Mañana',46800,28800,1),(2,'Turno Tarde',66600,48600,1);
/*!40000 ALTER TABLE `tbl_shifts` ENABLE KEYS */;
UNLOCK TABLES;

--
-- Table structure for table `tbl_user_contacts`
--

DROP TABLE IF EXISTS `tbl_user_contacts`;
CREATE TABLE `tbl_user_contacts` (
  `contact_id` int(10) NOT NULL auto_increment,
  `user_id` int(10) default NULL,
  `full_name` varchar(100) default NULL,
  `document_type_id` int(3) default NULL,
  `document` varchar(50) default NULL,
  `telephone` varchar(50) default NULL,
  `deleted` int(1) default '0',
  PRIMARY KEY  (`contact_id`),
  KEY `user_id` (`user_id`),
  KEY `document_type_id` (`document_type_id`)
) ENGINE=MyISAM AUTO_INCREMENT=195 DEFAULT CHARSET=latin1;

--
-- Dumping data for table `tbl_user_contacts`
--

LOCK TABLES `tbl_user_contacts` WRITE;
/*!40000 ALTER TABLE `tbl_user_contacts` DISABLE KEYS */;
INSERT INTO `tbl_user_contacts` VALUES (1,40,'Cecilia Rodriguez Babino',1,'27.480.381','4822-7645',0),(2,6,'Ignacio Aguirre',1,'28168889','15-5808-1072',0),(3,40,'Joaquin Capurro',1,'32.987.453','4797-6996',1),(4,26,'Ignacio Tierno',1,'28501329','4792-3213',0),(5,35,'Damian Rosales',1,'22654039','4611-9538',0),(6,35,'Mariano Luna',1,'23440670','4781-3395',0),(7,35,'Karina Diaz',1,'20201430','4781-3395',0),(8,35,'Marcela Otero',1,'24560856','4747-8874',0),(9,51,'Luisina Luraschi',2,'29.546.263','03461-461180',0),(10,52,'Martín Medinger',1,'28033420','47906547',0),(11,34,'Juan Francisco Paris',1,'.','48060378',0),(12,34,'Federico Saravia',1,'.','48076541',0),(13,34,'Francisco Ortiz',1,'.','48249445',0),(14,34,'Nicolás Cabanillas',1,'.','48134386',0),(15,34,'Lucio Cornejo',1,'.','48250612',0),(16,43,'Cecilia Sticco',1,'30277344','45535586',0),(17,37,'Martin Segalis',1,'92466664','45212350',0),(18,37,'Maria Sol Apessoha',1,'29247312','47757409',0),(19,37,'Georgina Daian',1,'29151538','43073984',0),(20,37,'Carolina Scarinci',1,'29478283','47923192',0),(21,43,'Cecilia Sticco',1,'30277344','45535586',0),(22,34,'Manuel Alvarado',1,'.','48134386',0),(23,34,'Chrisitan Podlesker',1,'.','.',0),(24,5,'M. de los Milagros A. Castro y Rojas',1,'31477060','4962-0639',0),(25,5,'Rita Mattioli',1,'30594909','.',0),(26,5,'Tomás Rodrigué',1,'30.557.055','.',0),(27,15,'Martín Malvicini',1,'24822719','4762-5117',0),(28,59,'Lara Beatriz Pejko',1,'24335470','15-5420-4386',0),(29,59,'Francisco Aldinio',1,'27287493','15-4889-6984',0),(30,59,'María Elina Oviedo',1,'desconocido','15-5404-0250',0),(31,59,'Alejandro Klingenfuss',1,'23888812','4833-7271',0),(32,59,'Paula Elías',1,'24069298','4833-7271',0),(33,35,'Alejandro Krupickser',1,'16823726','4745-6473',1),(34,35,'Tomas Krupickser',1,'40543466','4745-6473',1),(35,35,'Alejandro Krupiczer',1,'42314965','4745-6473',1),(36,35,'Tomas Krupiczer',1,'42314965','4745-6473',0),(37,35,'Alejandro Krupiczer',1,'16823726','4745-6473',0),(38,35,'Tomas Krupiczer',1,'40543466','7445-6473',0),(39,35,'Mateo Krupiczer',1,'42314965','47456473',0),(40,34,'Ana Ines Arca',1,'.','48211097',1),(41,34,'.',1,'.','.',0),(42,34,'Mercedes Beltrame',1,'25376870','48052296',0),(43,34,'Francisco Beltrame',1,'31193166','48052296',0),(44,34,'Agustina Beltrame',1,'28384445','48052296',0),(45,34,'Ana Ines Arca',1,'.','48211097',0),(46,13,'Federico Resio',1,'24.515.035','(02941)428-624',0),(47,13,'Maria Paula Resio',1,'26.569.451','4825-3619',0),(48,13,'Nicolas Resio',1,'28.207.933','4825-3619',0),(49,13,'Carlos Resio',2,'7.823.213','(02941)430136',0),(50,13,'Amelia Vedelago',2,'6.428.308','(02941)430136',0),(51,34,'Victorio Beltrame',2,'.','48052296',1),(52,59,'César Michelutti',1,'12345678','1557002375',0),(53,59,'Alejandro Girimonti',1,'87654321','1556295230',0),(54,59,'Viviana Cesareo',1,'34567812','1556295230',0),(55,6,'Manuel Aguirre',1,'29188584','4802-4247',0),(56,6,'Francisco Aguirre',1,'10772665','4802-4247',0),(57,80,'Martin Ortiz',1,'22086495','4530 9494',0),(58,80,'Eduardo Noodt',1,'12472451','4968 6669',0),(59,80,'Pablo Etcheverry',1,'22298766','4968 3699',0),(60,80,'Pablo Ortiz',2,'13569924','444444444',0),(61,80,'Carlos Ortiz',2,'12495321','555555555',0),(62,80,'Juan Diepold',2,'14456248','57472917',0),(63,80,'Yanina Diepold',2,'34800907','57472917',0),(64,80,'Adriana Suarez',2,'14995056','57472917',1),(65,80,'Nicolas Ortiz',2,'44729062','45309494',0),(66,80,'Eugenia Armesto',2,'21363489','45309494',0),(67,37,'Mariana Guinsburg',1,'29392966','4501-0145',0),(68,80,'Martin Loire',1,'25242105','4698 6000',1),(69,80,'Maria Marta Ortiz',1,'16335967','4968 6000',0),(70,80,'Carla Gonzalez',2,'22403265','46956000',1),(71,80,'Corina Tenaglia',2,'20742287','4698 6000',0),(72,80,'Ricardo L Rojas',1,'11086279','4698 6000',0),(73,80,'Juan Ignacio',1,'44 495 781','4777 3080',1),(74,34,'Guillermo Arquati',1,'26989632','43933797',0),(75,80,'Angela Duarte',1,'93.986.970','4340 8400',1),(76,80,'Juan Ignacio',1,'44269898','4777 3080',1),(77,80,'Pablo Galvan',1,'29 689457','4777 3080',1),(78,80,'Nicolas',2,'29 486599','4777 3080',1),(79,34,'victorio beltrame',2,'6145958','48052296',0),(80,80,'Francisco Sasse',2,'1111111','47849775',0),(81,43,'Nicolas Sticco',1,'27537140','45535586',0),(82,91,'Marcelo A. Pereyra',1,'31059923','155-841-5248',0),(83,91,'agustina bursa',1,'28808646','4661-4720',1),(84,91,'ezequiel narcisi',1,'29952772','156631012',0),(85,92,'Eugenia Armesto',2,'21.363.489','47035426',0),(86,80,'Juan Ignacio Ortiz',1,'44269898','4777 3080',1),(87,92,'Juan Ignacio Ortiz',2,'44269898','4777 3080',0),(88,91,'Nicolas Miguel Sala',1,'30820972','4765-1481',0),(89,80,'Pedro Anino',2,'23222444','03584031502',0),(90,80,'Maria Eugenia Parodi',1,'21110466','4968 3227',0),(91,80,'Jacqueline Wyse',1,'24448441','4968 4369',0),(92,80,'Pablo Etcheverry',2,'22298766','49683996',1),(93,80,'Juan Ortiz',1,'44269898','4777 3080',1),(94,80,'Julio Ortiz',1,'12586321','4750 2317',0),(95,80,'Javier Armesto',2,'12495321','4543',0),(96,80,'Jorge Armesto',2,'12495321','45433471',0),(97,80,'Rodolfo Armesto',2,'18495321','47832222',0),(98,6,'Victoria Morando',1,'28664504','4824-3053',0),(99,80,'Juan Ignacio Ortiz',1,'29655468','114777 3080',0),(100,80,'Sergio Galban',1,'17.137.128','4968 5250',0),(101,80,'Teresa Tripodi',1,'22.285.365','4668 5021',0),(102,80,'Pablo Gomez',1,'18.287.420','46968 5286',0),(103,80,'Helen Santos',2,'22.689.669','4968 5887',1),(104,59,'Daniele Corsini',2,'Extranjero','15-6720-9982',0),(105,59,'Pablo Javier Vilate',1,'24823345','15-5019-3669',0),(106,80,'Eleonora Dossi',2,'21286497','4968 5250',0),(107,99,'Ricardo Wundes',1,'LE 5525245','4792-5710',0),(108,99,'Guillermo Palou',1,'LE 5525149','4822-4332',0),(109,99,'Agustin Demirdjian',1,'32766732','4733-3247',0),(110,99,'Diego H',1,'32267222','4792-2330',1),(111,99,'Diego Haddad',1,'32267222','4792-2330',0),(112,80,'Eleonora Dossi',2,'21.354.389','4968 5250',1),(113,80,'Marcela Lenatti',2,'17.137.128','4968 5250',0),(114,80,'Maximiliano Fernandez Mendoza',2,'20.896.445','4968 5250',0),(115,80,'Maria Belen',1,'30.065.612','4775 2350',0),(116,80,'Maria Belen Colombo',1,'30.065.612','4775 2350',0),(117,80,'Juan Pablo Andrade',1,'30.081.380','4773 5271',0),(118,101,'Antonio Kim',1,'31445146','1562042839',0),(119,101,'Juan Streb',1,'29951759','1558276629',0),(120,100,'Colombo María Belén',1,'30065612','47752350',0),(121,100,'Mogni Victoria',1,'30912801','47880377',0),(122,100,'Molinari Alejandro',1,'18825461','48259334',0),(123,80,'Alejandro Danusi',1,'22.689.021','4545 4401',0),(124,80,'Federico Ponce',1,'23.758.932','4545 4401',0),(125,99,'Martin Soria',1,'32359273','4782-7188',0),(126,99,'Enrique Lopez Rivarola',1,'32267719','4792-5053',0),(127,34,'Luis Ferrari',1,'.','.',0),(128,34,'Mercedes Gadea',2,'.','.',1),(129,34,'Mercedes Gadea',1,'.','.',0),(130,91,'Sonia Cristen Bjerg',1,'32885850','0221-155-414166',0),(131,91,'Alejandro Pissani',1,'31642334','1556548787',0),(132,91,'Paula Aiassa',1,'31899555','4502-5368',0),(133,59,'Joaquín Peire',1,'12345678','15-5719-2558',0),(134,59,'Mariana Antonutti',1,'87654321','15-5719-2558',0),(135,59,'Santiago J. Rodríguez del Pozo',1,'29696669','15-6204-8392',0),(136,80,'Yanina Ferraris',1,'23.086.230','4698 3437',0),(137,80,'Eleonora Dossi',2,'21.354.389','4968 5845',1),(138,80,'Juliana',2,'24806674','4698 3437',1),(139,80,'Juliana Zordan',1,'24806674','4668 5021',0),(140,106,'maria hegouaburu',1,'29 771 426','15 6157 34 67',0),(141,106,'marcos pianelli',1,'33 499 333','15 57636633',1),(142,106,'Marcos Pianelli',1,'33425976','1557636633',0),(143,106,'Amanda Delgado Recke',1,'33344529','1554294296',1),(144,106,'Maria Belen Aguilera',1,'31293000','1544444496',1),(145,106,'Susana Piuma',1,'12028620','3461619346',0),(146,106,'Rene Hegouaburu',1,'8427624','3461495335',0),(147,105,'Vanesa Cangeri',1,'29325655','011 15 66023820',0),(148,105,'Gustavo Nittoli',1,'20244284','0221 15 247996',0),(149,105,'Rosario Isabel Celi',1,'21507273','0221 15 247996',0),(150,101,'Marcelo Alejandro Pereyra',1,'31059923','4792-1822',0),(151,105,'Alejo Hegoaburu',1,'33499231','15 61573467',0),(152,50,'Fernanda Kavka',1,'29 617 168','011 15 4 0947323',0),(153,50,'Paula Aczel',1,'23372200','15 5 634 0093',1),(154,50,'Juan Isla',1,'25360978','15 5 741 4057',1),(155,106,'Maria Belen Aguilera',1,'31293000','1551018196',0),(156,106,'Amanda Delgado Recke',1,'33344529','1558424959',0),(157,50,'Juan Isla',1,'25433769','4795 9954',0),(158,50,'Manuel Fernandez Escudero',1,'25965886','15 5 369 7266',0),(159,50,'Maria Candelaria Vivot',1,'26281021','155369 7266',0),(160,50,'Lucas Sparvieri',1,'25837545','4742 3929',0),(161,50,'Maria Jose Vilar',1,'24921708','4742 3929',0),(162,111,'Dario Javier Gonzalez',1,'31090473','1554031417',0),(163,50,'Luis Villamediana',1,'25836563','15 6 396 0695',0),(164,106,'Federico Suarez',1,'26893504','1164740632',0),(165,80,'juan amadasi',2,'26894203','4545454',0),(166,80,'Osvaldo Betti',2,'18.287.420','4968 4065',0),(167,106,'Diego Hormazabal',1,'33427412','15 596776 18',0),(168,106,'Geronimo Diza',1,'32 543 447','03461 15 51 3733',0),(169,80,'Cristina',1,'26210875','47986203',0),(170,50,'Juan Carlos Rovira ',1,'20512958','15 4 069 9016',0),(171,50,'Andres Pellegrino',1,'21174086','15 4 069 8849',0),(172,50,'Sergio Geist',1,'21906390','15 4 069 8487',0),(173,100,'D\'aquila Julian',1,'33012119','48034188',0),(174,100,'Gomez Lucia',1,'32143518','47849198',0),(175,100,'Duek Einat',1,'31916011','44441234',0),(176,105,'Valeria Hernandez',1,'26819636','1541631477',0),(177,19,'Gisela Martinini',1,'26886398','4655-0596',0),(178,80,'Mariana Satostegui',2,'25070810','00000000',0),(179,80,'Cristina Arheit',2,'26916540','+541164024894',0),(180,80,' Rocío Marenda: ',1,'25.318.092','00000000',0),(181,80,'Angela Duarte',1,'90.355537','4968 4065',0),(182,101,'Jimena Pose',1,'34505231','1560510969',0),(183,101,'Juliana Romero',1,'34551320','1555928921',0),(184,101,'Alejandro Santa Clara',1,'34390221','1551851736',0),(185,105,'Tanner Wells',2,'no tiene','1563304693',0),(186,121,'matias garcia laplaza',1,'33241215','1560972790',0),(187,80,'Santiago Troncar',2,'22156607','15 5562 2687',0),(188,80,'Jari Tamistto',1,'90482632','4988 3179',0),(189,80,'Santiago Troncar',1,'22.156.607','4968 3170',0),(190,80,'Nicolas Ortiz',1,'44.729.062','15 4530 9494',0),(191,92,'Nicolas Ortiz',1,'44.729.062','15 4530 9494',0),(192,92,'Santiago Tronca',1,'22.156.607','5562 2687',0),(193,101,'Ignacio Mosquera',1,'28988982','45538844',0),(194,101,'Pablo Mosquera',1,'30411186','1551387266',0);
/*!40000 ALTER TABLE `tbl_user_contacts` ENABLE KEYS */;
UNLOCK TABLES;

--
-- Table structure for table `tbl_user_states`
--

DROP TABLE IF EXISTS `tbl_user_states`;
CREATE TABLE `tbl_user_states` (
  `state_id` int(3) NOT NULL default '0',
  `description` varchar(50) default NULL,
  `can_reserve` int(1) default NULL,
  PRIMARY KEY  (`state_id`)
) ENGINE=MyISAM DEFAULT CHARSET=latin1;

--
-- Dumping data for table `tbl_user_states`
--

LOCK TABLES `tbl_user_states` WRITE;
/*!40000 ALTER TABLE `tbl_user_states` DISABLE KEYS */;
INSERT INTO `tbl_user_states` VALUES (1,'Habilitado',1),(2,'Inhibido',0);
/*!40000 ALTER TABLE `tbl_user_states` ENABLE KEYS */;
UNLOCK TABLES;

--
-- Table structure for table `tbl_users`
--

DROP TABLE IF EXISTS `tbl_users`;
CREATE TABLE `tbl_users` (
  `user_id` int(10) NOT NULL auto_increment,
  `username` varchar(50) NOT NULL default '',
  `password` varchar(255) default NULL,
  `name` varchar(255) default NULL,
  `surname` varchar(255) default NULL,
  `email` varchar(255) default NULL,
  `address` varchar(255) default NULL,
  `telephone` varchar(50) default NULL,
  `cel_phone` varchar(50) default NULL,
  `document_type_id` int(3) default NULL,
  `document` varchar(50) default NULL,
  `permit_type_id` int(3) default NULL,
  `permit` varchar(50) default NULL,
  `permit_due_date` datetime default NULL,
  `dossier` varchar(10) default NULL,
  `state_id` int(3) default NULL,
  `profile_id` int(10) default NULL,
  `department` varchar(50) default NULL,
  `balance` decimal(10,2) default NULL,
  `deleted` int(1) default NULL,
  PRIMARY KEY  (`user_id`),
  KEY `state_id` (`state_id`),
  KEY `document_type_id` (`document_type_id`),
  KEY `permit_type_id` (`permit_type_id`),
  KEY `profile_id` (`profile_id`)
) ENGINE=MyISAM AUTO_INCREMENT=126 DEFAULT CHARSET=latin1;

--
-- Dumping data for table `tbl_users`
--

LOCK TABLES `tbl_users` WRITE;
/*!40000 ALTER TABLE `tbl_users` DISABLE KEYS */;
INSERT INTO `tbl_users` VALUES (1,'root','81dc9bdb52d04dc20036dbd8313ed055','Administrador','Usuario','marianocapurro@fibertel.com.ar','','','',1,'',1,'',NULL,'',1,1,'Ninguno','0.00',0),(2,'maristi','81dc9bdb52d04dc20036dbd8313ed055','Maria Irene','Aristi','irenearisti@hotmail.com','Santa Fe 3394 7mo B','4823-8938','-',1,'29240050',1,'N5-29240050','2007-01-01 00:00:00','0',1,2,'CEITBA','0.00',0),(3,'jbeccuti','704d2f016c6b94392052e027b2d8cfd6','Juan','Beccuti','Juan.Beccuti@tgn.com.ar','Azcuenaga 1057 - 8°A - Capital Federal','4822-3906','-',1,'24.560.865',1,'N5-24560865','2007-01-22 00:00:00','35015',2,2,'AGITBA','0.00',0),(4,'heurnekian','1032c57a6aca03f284a35d1661c546ce','Hugo','Eurnekian','elmurcielago@fibertel.com.ar','-','4783-1521','-',1,'29.906.892',1,'A259521','2007-02-25 00:00:00','-',2,2,'Ninguno','0.00',1),(5,'glastrao','69bfb634c31ca93d646b350131a96954','Gregorio Juan','Lastra Ortelli','0','Aguero 1872 1piso','4824-1992','155 117-7625',1,'28.421.023',1,'NS-5-28421023','2006-11-11 00:00:00','0',2,2,'Ninguno','0.00',1),(6,'iaguirre','96df372129b50ef2182e9feb133c6684','Ignacio','Aguirre','ignaco@yahoo.com','Cerviño 3126','011 4802 4247','155-847-1284',1,'28168889',1,'n5-28168889','2007-04-29 00:00:00','-',1,2,'AGITBA','5.00',0),(7,'jvalledor','8b993c8d7fe8871cc3090c9607cab549','Juan','Valledor Duco','jvalledor@yahoo.com','P. I. Rivera 3968 1ro H','4543-9332','1553075593',1,'23906654',1,'n3-23906654','2007-02-14 00:00:00','-',1,2,'AGITBA','0.00',0),(8,'afuhrmann','db3b992995b36a9d2ac616ea2867b14a','Alejandro','Fuhrmann','Fuhrma@einstein.com.ar','Chacabuco 470','4654-1424','155069-0755',1,'26726667',2,'35/22','2003-01-20 00:00:00','-',2,2,'Ninguno','0.00',1),(9,'chaves','118d11972ac892c91830e386aed1eb44','Osvaldo','Chaves','-','','','',1,'20540310',1,'20540310','2005-02-01 00:00:00','0',1,2,'AGITBA','0.00',1),(10,'charlie','bf779e0933a882808585d19455cd7937','Carlos','Hussey','charliecocohussey@yahoo.com.ar','Estrada 2868 Olivos','4790-6547','154-166-0399',1,'28033420',1,'28033420','0000-00-00 00:00:00','0',1,2,'CEITBA','0.00',1),(11,'eeckerdt','1b4d3a92cbf9c67a389ca77f8872b188','Eduardo','Eckerdt','ceckerdt@fibertel.com.ar','Av. del Libertador 8008 7*2 - Capital Federal','4704-6613','1560472733',1,'27208688',1,'27','2005-01-01 00:00:00','0',1,2,'AGITBA','0.00',0),(12,'jelias','a384b6463fc216a5f8ecb6670f86456a','Juan Igancio','Elias','juan_i_elias@hotmail.com','Ohiggins 1754 5a','47855642','1551135391',1,'23127360',1,'23127360','2007-01-01 00:00:00','32084',2,2,'Ninguno','0.00',1),(13,'aresio','0c8637e962dc6beed9beecbb0069d296','Agustin','Resio','agusresio@tutopia.com','Pueyrredon 1462 8º','4825-3619','155-046-1116',1,'30.520.014',1,'N5-30520014','2007-09-06 00:00:00','44.025',1,2,'CEITBA','40.00',0),(14,'mmarconetti','c8581bc43486c23ee099afe031f4de31','Mariano','Marconetti','mmarconetti@yahoo.com.ar','liniers 2010 (1665) tortuguitas','02320-495891','0',1,'28165251',1,'n5-28165251','2005-07-06 00:00:00','39175',1,2,'CEITBA','0.00',0),(15,'hmalvicini','2244143888b22cced378fcd1c6ff4695','Hernan','Malvicini','hmalvicini@gmail.com','Roca 2640 Florida - Vte Lopez','47600160','15-6942-6563',1,'23123717',1,'n5-23123717','2007-01-15 00:00:00','',1,2,'AGITBA','55.00',0),(16,'jpnegus','afa4f841b0a492ca0ff3ea69f54c3cf5','Juan Pablo','Negus','0','0','45421520','1541498701',1,'22848521',1,'n5-22848521','2004-10-10 00:00:00','0',2,2,'AGITBA','0.00',1),(17,'sgoi','0a178b8160eb916fb8bf85024c2bfece','Silvina','Goi','0','0','0','-',1,'28032252',1,'n5-28032252','2006-01-01 00:00:00','0',1,2,'AGITBA','0.00',1),(18,'curso','242c3d4de7eb843333cb8653348637bd','Curso de Timonel','YCA','escuela@yca.org.ar','-','4314-0505','1551775253',1,'-',1,'-',NULL,'0',1,3,'Ninguno','0.00',0),(19,'amboage','6b6bcf673385f9e1ec64cdb9445bc9d1','Lucas Damián','Amboage','lamboage@acacoop.com.ar','-','4638-4337','15-6685-4640',1,'27.183.992',1,'27.183.992','2012-08-09 00:00:00','0',1,2,'AGITBA','45.00',0),(20,'asatostegui','af83ee1646c420803ce64eae067e6f4d','Ana','Satostegui','asatoste@alu.itba.edu.ar','-','4988-4342','null',1,'28.937.129',1,'28.937.129','2004-11-02 00:00:00','0',1,2,'CEITBA','0.00',0),(21,'crucero','37fb97af9648883e29575e1980e92d9c','-Crucero','-','ceitba@alu.itba.edu.ar','-','4314-7778','-',1,'-',1,'-','0000-00-00 00:00:00','0',1,2,'CEITBA','0.00',1),(22,'fnandin','99f6072f86ae64c26980f4d3eb29a981','Fernando','Nandin','nandin.fernando@gmail.com','Echeverría 3608','4706-3576','-',1,'27.941.668',1,'27.941.668','2005-10-10 00:00:00','0',2,2,'AGITBA','0.00',0),(23,'prueba','c893bad68927b457dbed39460e6afd62','-prueba','-','ceitba@alu.itba.edu.ar','por ahi 1234','987-9654','15-123456789',1,'123456789',1,'123456789','0000-00-00 00:00:00','2356',1,2,'CEITBA','0.00',1),(24,'pboin','81dc9bdb52d04dc20036dbd8313ed055','Usuario','Eliminado','null','null','null','null',1,'null',1,'null','0000-00-00 00:00:00','null',1,2,'CEITBA','0.00',1),(25,'pboim','fb6730569a96709870565d0b8c78e205','Pablo','Boim','pboim@alu.itba.edu.ar','Gral. Rodriguez 768 Monte Grande','42812289','154437-7700',1,'27008510',1,'n5-27008510','2006-01-01 00:00:00','0',1,2,'CEITBA','0.00',0),(26,'itierno','186975a559e05f9264b342121019f0cf','Ignacio','Tierno','itierno@alu.itba.edu.ar','0','0','-',1,'28501329',1,'54846','2006-01-01 00:00:00','0',2,2,'ITBA','0.00',0),(27,'yca','81dc9bdb52d04dc20036dbd8313ed055','Usuario','Eliminado','null','null','null','null',1,'null',1,'null','0000-00-00 00:00:00','null',1,2,'CEITBA','0.00',1),(28,'nquintan','8d0ffb0f38488af62c1dca1265576456','Nicolas','Quintana','nickoq@hotmail.com','-','48016055','1540465786',1,'31253083',1,'n5-31253083','2007-11-05 00:00:00','11',2,2,'Ninguno','0.00',1),(29,'flaso','735631e84eeec6714a1c61746bb23005','Federico Francisco','Laso','flaso13@hotmail.com','0','0221154772337','-',1,'26255107',1,'N526255107','2008-02-04 00:00:00','0',2,2,'Ninguno','0.00',1),(30,'Joaquín Moreno','cfcd208495d565ef66e7dff9f98764da','borrar','0','0','0','0','0',1,'0',1,'0','0000-00-00 00:00:00','1',1,2,'CEITBA','0.00',1),(31,'Moreno, Joaquín','cfcd208495d565ef66e7dff9f98764da','Borrar','0','0','0','0','0',1,'0',1,'0','0000-00-00 00:00:00','0',1,2,'CEITBA','0.00',1),(32,'Moreno, Joaquin','e10adc3949ba59abbe56e057f20f883e','Joaquin','Moreno','-','-','4821-5566','-',1,'29170928',1,'NS-29170928','0000-00-00 00:00:00','42213',1,2,'CEITBA','0.00',1),(33,'jmoreno','e10adc3949ba59abbe56e057f20f883e','Joaquin','Moreno','joacomoreno@hotmail.com','Santa Fe 2843 8D','4821-5566','-',1,'29170928',1,'n5-29170928','2005-03-18 00:00:00','42213',2,2,'CEITBA','0.00',0),(34,'jbeltram','9bf436e32d3566347a6f2cecd31998a3','Javier','Beltrame','jib39@yahoo.com','Laprida 1963 6D','48052296','-',1,'26949029',1,'N5-26949029','2007-09-16 00:00:00','39029',1,2,'AGITBA','65.00',0),(35,'ilutufyan','c6593eb1da83e966379cbcf6aef80bd3','Ivan','Lutufyan','ivanlutu@gmail.com','0','47618927','154-945-3666',1,'23292257',2,'n8-23292257','2006-01-12 00:00:00','0',1,2,'AGITBA','0.00',0),(36,'epadin','8e2395c3666bca222f639388fdee63cb','Exequiel','Padin','exepadin@hotmail.com','-','-','-',1,'25374035',1,'n5-25374035','2007-01-08 00:00:00','37220',2,2,'Ninguno','0.00',1),(37,'alopez','0d94d92e3dc096f64213a5b34fa9d098','Andres','Lopez Gibson','andreslg79@yahoo.com.ar','Eduardo Costa 1762 (Martinez)','4733-9241','15-51-79-11-43',1,'27375848',1,'n5-27375848','2007-04-01 00:00:00','0',1,2,'CEITBA','0.00',0),(38,'ecastano','81dc9bdb52d04dc20036dbd8313ed055','Emiliano','Castaño','emilianocastano@yahoo.com.ar','Artigas','45','15',1,'3025',1,'9854','2006-01-01 00:00:00','44048',2,2,'CEITBA','0.00',0),(39,'capurro','81dc9bdb52d04dc20036dbd8313ed055','Usuario','Eliminado','null','null','null','null',1,'null',1,'null','0000-00-00 00:00:00','null',1,2,'CEITBA','0.00',1),(40,'mcapurro','8ef69b41952d7811d74b700776239a44','Mariano','Capurro','mcapurro@gmail.com','Av. Cabildo 1169 8º B','4785-5308','15-5937-0673',1,'25.967.547',1,'N5-25967547','2009-01-28 00:00:00','38043',1,2,'AGITBA','40.00',0),(41,'ibottero','4a396933fbdc9d884dd78995f1f65de3','Ignacio','Bottero','ibottero@fibertel.com.ar','Juncal 3088 9°','4825-5030','15-5138-0672',1,'26.583.969',1,'26.583.969','2009-01-28 00:00:00','38030',2,2,'Ninguno','0.00',1),(42,'cbabino','6cae5deced2f4f510040013690d96267','Cecilia','Rodriguez Babino','ceciatlanta@yahoo.com.ar','Pueyrredón 1552 2° B','4822-7645','-',1,'27.480.381',1,'27.480.381','2009-01-28 00:00:00','0',2,2,'AGITBA','0.00',0),(43,'borel','a2f2b76f04d90e643cf9fe3e2ea1e26e','Guillermo','Borel','guilleborel@yahoo.com.ar','Cmte Espora 971 Acassuso','4792-5321','-',1,'30.082.240',1,'526468','2009-03-25 00:00:00','-',1,2,'CEITBA','0.00',0),(44,'villamil','81dc9bdb52d04dc20036dbd8313ed055','Santiago Juan','Villamil','s_villamil@fibertel.com.ar','Araoz 2663 1*','4831-1690','-',1,'28.909.091',2,'N8-28909091','2008-02-04 00:00:00','42.314',1,2,'CEITBA','0.00',0),(45,'bado','62bf43e2db266caa78d4f0bd18fb5f7e','Fernando','Bado','0','-','4814-2582','-',1,'29.038.622',1,'29.038.622','2006-09-07 00:00:00','0',2,2,'Ninguno','0.00',1),(46,'burroni','b9c51560cb1e9da5d6b51f3dc94e1794','Guillermo','Burroni','gburroni@techint.com.mx','Paunero 2808 2A','4805 4910','15 5022 4715',1,'24.872.137',1,'N5-24.872.137','2006-01-30 00:00:00','0',1,2,'AGITBA','0.00',0),(47,'caracciolo','ac4694074ea20a13e4054c884738be0d','Ignacio','Caracciolo','0','-','-','154-577-3859',1,'22.278.347',1,'22.278.347','2005-04-19 00:00:00','0',2,2,'AGITBA','0.00',1),(48,'fasanella','c8581bc43486c23ee099afe031f4de31','Luis','Fasanella','lfasanel@alu..itba.edu.ar','-','4831-1733','-',1,'27.091.117',1,'N5-2709117','2005-12-18 00:00:00','0',2,2,'Ninguno','0.00',1),(49,'fuentes','72179841ddc3ffe7cf692312412e7c23','Jose Matias','Fuentes','jfuentes76@hotmail.com','18 Thursby Road, Northampton NN1 5NB, England','00441604601264','00447910379460',1,'25.623.190',1,'25.623.190','2005-03-02 00:00:00','38089',2,2,'Ninguno','0.00',1),(50,'graglia','c6fa5a9343a01219633e0fc36af45db2','Pablo Eduardo','Graglia','pgraglia@yahoo.com','Paunero 1508- 3 A- Martinez','01147980384','011 1540947323',1,'25.430.713',1,'25.430.713','2012-09-13 00:00:00','0',1,2,'AGITBA','65.00',0),(51,'hegouaburu','b47bee8124efaceaf82bc7b9ac3e3454','Nahuel Pedro','Hegouaburu','nhegouaburu@grupoassa.com','Viamonte 349 1F','4311-3728','-',1,'27.560.507',1,'27.560.507','2006-01-16 00:00:00','0',2,2,'AGITBA','25.00',0),(52,'hussey','81dc9bdb52d04dc20036dbd8313ed055','Carlos','Hussey','charliecocohussey@yahoo.com.ar','J.M. Estrada 2868 Olivos','4790-6547','15-5509-7098',1,'28.033.420',1,'28033420','2006-08-17 00:00:00','40137',2,2,'AGITBA','0.00',0),(53,'leotta','81dc9bdb52d04dc20036dbd8313ed055','Pablo','Leotta','pabloleotta@yahoo.com.ar','Arcos 2252 8 D','4552-2985','155-157-1858',1,'26.681.303',1,'26681303','2006-09-06 00:00:00','0',1,2,'AGITBA','0.00',0),(54,'lingenfelder','6fda27264f8154abdb6ed31bd701a8e5','Gaston Alejandro','Lingenfelder','0','0','4791-7985','155-000-8482',1,'26.281.137',1,'26.281.137','2004-10-20 00:00:00','0',2,2,'Ninguno','0.00',1),(55,'medinger','a5920ccee7acde560d22af1ce09219ba','Martin','Medinger','m_medinger@yahoo.com','Arribeños 1740','4781-1646','1556425149',1,'27.939.247',1,'cargar vencimiento!','0200-01-07 00:00:00','?',2,2,'AGITBA','20.00',0),(56,'mezzadri','7e4b64eb65e34fdfad79e623c44abd94','Pablo Aristides','Mezzadri','pablomezzadri@hotmail.com','-','4771-6762','-',1,'27.099.487',1,'27.099.487','2005-07-06 00:00:00','0',2,2,'Ninguno','0.00',1),(57,'ortiz','c8581bc43486c23ee099afe031f4de31','Martín','Ortiz','0','0','4773-5271','15-4530-9494',1,'22.068.495',2,'22.068.495',NULL,'0',2,2,'Ninguno','0.00',1),(58,'picollo','54709c87a156c34f0232f78d1240784b','Martín','Picollo','martinpicollo@yahoo.com.ar','-','4201-7901','-',1,'23.672.988',1,'NS-23.672.988','2006-01-09 00:00:00','0',2,2,'Ninguno','0.00',1),(59,'vrodriguez','b53477c2821c1bf0da5d40e57b870d35','Valentin','Rodriguez del Pozo','vrodriguez@tenaris.com','Padre Acevedo 3658 - Beccar - B1643EVN','4018-4007 (oficina) / 4737-1352 (casa)','15-5595-1293',1,'92.475.036',1,'N3- 92.475.036','2010-06-01 00:00:00','0',1,2,'AGITBA','0.00',0),(60,'roisinblit','81dc9bdb52d04dc20036dbd8313ed055','Gustavo','Roisinblit','emotion2000@yahoo.com','-','4784-3556','15-4422-2232',1,'24.069.144',1,'24.069.144','2005-03-05 00:00:00','34212',2,2,'Ninguno','0.00',1),(61,'rolandi','c8581bc43486c23ee099afe031f4de31','Lucas','Rolandi','0','-','4765-4978','-',1,'25.983.431',1,'25.983.431','2002-03-20 00:00:00','0',2,2,'AGITBA','0.00',1),(62,'scavarda','fb81eeaeccf7f4fd3fdd8a9b131cd1a0','Alejandro','Scavarda Basaldua','Manuel.Scavarda@kcc.com','-','4811-7558','-',1,'25.394.560',2,'N8-25.394.560','2005-02-21 00:00:00','0',2,2,'Ninguno','0.00',1),(63,'sicoli','c8581bc43486c23ee099afe031f4de31','Guido Fernando','Sicoli','gsicoli@alu.itba.edu.ar','-','4361-1594','-',1,'21.899.979',1,'21.899.979','2001-10-18 00:00:00','0',2,2,'Ninguno','0.00',1),(64,'spinelli','c8581bc43486c23ee099afe031f4de31','Federico','Spinelli','fedespi@fibertel.com.ar','-','4702-1539','-',1,'26.794.241',1,'26.794.241','2004-10-03 00:00:00','0',1,2,'CEITBA','0.00',0),(65,'spraggon','6253e1406b64bbe6ba7b00ac0bf81257','Santiago','Spraggon','santiagospraggon@yahoo.com.ar','San Martin 945 9 69','4312-0704','155-003-0902',1,'27.891.866',1,'27891866','2006-09-04 00:00:00','41237',2,2,'AGITBA','0.00',0),(66,'subotovsky','c8581bc43486c23ee099afe031f4de31','Pablo Ezequiel','Subotovsky','pablo@aldeax.com','-','-','49117512',1,'28.695.374',1,'28.695.374','2011-03-14 00:00:00','0',2,2,'Ninguno','0.00',0),(67,'valls','d480c7c131c323ef02237aa1cf7deb64','Ezequiel','Valls','ezequielvalls@keko.com.ar','-','4806-2448','15-4426-9507',1,'28.801.904',1,'NS-28.801.904','2006-09-07 00:00:00','0',1,2,'CEITBA','0.00',0),(68,'reparaciones','37fb97af9648883e29575e1980e92d9c','-Reparaciones','-','nandines@arnet.com.ar','-','4555-6036','-',1,'-',1,'-','0000-00-00 00:00:00','0',1,2,'CEITBA','0.00',1),(69,'regata','4d186321c1a7f0f354b297e8914ab240','-Regata','-','ceitba@alu.itba.edu.ar','-','4314-7778','-',1,'-',1,'-','0000-00-00 00:00:00','0',1,2,'CEITBA','0.00',1),(70,'aguirre','6abc80b2e5b41e3e44eaeedead6d61a2','Miguel','Aguirre','maguir@itba.edu.ar','Oficina 51 - 4to. piso Ed. Ppal. - ITBA','4487-7045','15-5161-2716',1,'21.763.086',1,'21.763.086','2005-11-23 00:00:00','0',2,2,'AGITBA','0.00',0),(71,'aperez','c8581bc43486c23ee099afe031f4de31','Arianna Odali','Perez Morales','0','0','4811-3285','null',1,'92.547.157',1,'92.547.157','2001-12-19 00:00:00','0',2,2,'Ninguno','0.00',1),(72,'jsatostegui','e221f76a7e0db31148d3229797c8e3c3','Jimena','Satostegui','jimesat@fibertel.com.ar','-','4988-9342','-',1,'28.077.003',1,'N5-28.077.003','2006-11-13 00:00:00','0',1,2,'AGITBA','0.00',0),(75,'trouilh','df381ee854501ae6b7c0970057325f6d','Juan','Trouilh','juantrouilh@gmail.com','','','',2,'',2,'',NULL,'',1,2,'CEITBA','0.00',0),(73,'pleotta','81dc9bdb52d04dc20036dbd8313ed055','Pablo','Leotta','pabloleotta@yahoo.com.ar','?','?','?',2,'?',2,'?',NULL,'?',1,2,'AGITBA','0.00',1),(74,'lirusso','81dc9bdb52d04dc20036dbd8313ed055','Maximiliano','Lirusso','maxilirusso@yahoo.com.ar','9 de julio 160 Quilmes , Buenos Aires ,Argentina','42543830','1550210269',2,'?cargarlo!',2,'?cargarlo!','2006-07-01 00:00:00','cargarlo!',2,2,'CEITBA','0.00',0),(76,'nrisso','81dc9bdb52d04dc20036dbd8313ed055','Nicolas','Risso','nicolasrisso@gmail.com','?','?','?',2,'?',2,'?',NULL,'?',1,2,'CEITBA','0.00',0),(80,'martinortiz','2ffe4e77325d9a7152f7086ea7aa5114','Martín','Ortiz','kindmartin@yahoo.com','A. Moreau de Justo 50 - Piso 12','4968 3170','15 4530 9494',1,'22086495',2,'A801321','2011-10-27 00:00:00','32200',1,1,'AGITBA','50.00',0),(77,'anahirthe','81dc9bdb52d04dc20036dbd8313ed055','Ana','Hirthe','ceitba@itba.edu.ar','Madero 399','4314-7778','',1,'28076654',1,'',NULL,'222',2,4,'CEITBA','0.00',1),(78,'bciambella','81dc9bdb52d04dc20036dbd8313ed055','Barbara','Ciambella','ceitba@itba.edu.ar','Madero 399','4314-7778','',1,'',2,'',NULL,'',1,4,'CEITBA','0.00',1),(79,'egomezba','ebdfe86c9ef7ec08748a43baab396dc1','Ezequiel','Gomez Balaguer','ezegb@fibertel.com.ar','J. J. Biedma 480 CABA','44330323','1562547882',1,'31469330',1,'N5-31469330','2010-08-05 00:00:00','44114',1,1,'CEITBA','50.00',0),(81,'edunoodt','5ea8ec49f23428cf2cb0068d4ffbe460','Eduardo','Noodt','edunoodt@yahoo.com.ar','Felipe Vallese 846 (1405) Capital','011 4431 0416','011 15 6268 0389',1,'?cargarlo!',1,'?cargarlo!','2008-02-01 00:00:00','1767',1,2,'AGITBA','0.00',0),(82,'Admin','6cae5deced2f4f510040013690d96267','Primavera','Admin','ElPrimavera@yahoogroups.com','','','',2,'',2,'',NULL,'',1,1,'ITBA','0.00',1),(83,'sala_felipe','e10adc3949ba59abbe56e057f20f883e','Felipe','Sala','sala_felipe@hotmail.com','','','',2,'',1,'',NULL,'',1,2,'CEITBA','0.00',0),(84,'lportata','6f0cab094164f62418ffa787b1aca516','Luis','Portatadino','luiporta@gmail.com','Estomba 1655','45524282','1555278254',1,'27479601',1,'N3-27479601','2009-02-09 00:00:00','38180',1,2,'AGITBA','0.00',0),(85,'rector','11b6cbe747928d23e00cb5d3360d14b6','ITBA','Rector','rector@itba.edu.ar','','','',2,'',2,'',NULL,'',2,5,'ITBA','0.00',0),(86,'agustinrapetti','d377716c8eb1eac457cf3a66b16cb50e','Agustín','Rapetti','agusrapetti@hotmail.com','','','15 4092 1762',1,'31533520',1,'n5-31533520','2010-10-27 00:00:00','44200',1,2,'CEITBA','0.00',0),(87,'Alejandroa','e052450f29b2e0e9a53fd4eb389e25a9','Alejandro','Antoff','aleantoffo@fibertel.com.ar','','5278-1225','',1,'29800513',1,'N5-29800513','2008-02-04 00:00:00','46487',1,2,'CEITBA','35.00',0),(88,'mlirusso','e10adc3949ba59abbe56e057f20f883e','Maximiliano','LIRUSSO','maxilirusso@yahoo.com.ar','','','155 021 0269',1,'29152500',1,'N5-29152500','2009-09-02 00:00:00','42174',2,2,'CEITBA','0.00',1),(89,'franciscosasse','4c91d222b139eeccd6eb342f512ec180','Francisco','Sasse','francisco_sasse@hotmail.com','Mendoza 3050','4784-9775','155-463-2516',1,'30979885',1,'30979885','2010-11-24 00:00:00','44230',1,2,'CEITBA','35.00',0),(90,'jperez','81dc9bdb52d04dc20036dbd8313ed055','Juan','Perez','jperez@ceitba.edu.ar','','','',2,'',2,'','2006-08-31 00:00:00','',1,2,'CEITBA','0.00',1),(91,'marcelop','3b09f100d3ca72b3a07dedee5173eb1b','Marcelo','Pereyra','marcelopereyra@gmail.com','','4792 1822','155 841 5248',1,'31059923',1,'N5-31059923','2009-04-30 00:00:00','44181',1,2,'CEITBA','30.00',0),(92,'AdministradoresPrimavera','833d8f5ff6757bad1983371fcd84f9e0','Administradores','Primavera','ElPrimavera@yahoogroups.com','','','',2,'',2,'',NULL,'',1,1,'ITBA','0.00',0),(93,'cesar.recalde','f47ba546e663e365b08e27ab9da4a7c9','Cesar','Recalde','cesar.recalde@puntocom','v','','',2,'222222',2,'','2006-07-25 00:00:00','1111111',2,3,'ITBA','0.00',1),(94,'mzamboni','6cae5deced2f4f510040013690d96267','Matias','Zamboni','ichasaca@ciudad.com.ar','','','',2,'',2,'',NULL,'',2,2,'AGITBA','0.00',0),(95,'prueba','c893bad68927b457dbed39460e6afd62','Usuario','de Prueba','deprueba@hotmail.com','Viamonte S/N ','4314 0505','15 44444444',1,'14455789',2,'14455789','2006-10-26 00:00:00','45558',1,2,'ITBA','0.00',1),(96,'marianogirod','c1741a487ef6fec8164b05b7ab51aa30','Mariano','Girod','mgirod@gmail.com','','4784 4239','1551658869',1,'31423924',1,'N31423924','2007-08-17 00:00:00','45166',1,1,'CEITBA','0.00',0),(97,'prueba','c893bad68927b457dbed39460e6afd62','Prueba','Usuario','prueba@usuario.com','','','',2,'',2,'','2006-11-30 00:00:00','',1,2,'CEITBA','0.00',0),(98,'npozzi','e10adc3949ba59abbe56e057f20f883e','Nicolas','Pozzi','nicolaspozzi@fibertel.com.ar','Juramento 5455 Cap.Fed.','4521-9582','15-4474-8235',1,'28.908.066',1,'28.908.066','2011-08-10 00:00:00','41205',1,2,'AGITBA','0.00',0),(99,'pwundes','c6d6699736d6754acd273c24ff138684','Pablo','Wundes','pwundes@hotmail.com','Yapeyu 157 Martinez','4792-5710','15-5830-6550',1,'32.069.384',1,'N5-32069384','2011-10-23 00:00:00','46116',1,2,'CEITBA','40.00',0),(100,'juanandrade','6c2aa830feac48d798f000580ffce1a8','Juan Pablo','Andrade','juan.andrade@gmail.com','Dorrego 2699 1/2','4773 5271','15 6167 4560',1,'30081380',1,'N5-30081380','2012-01-30 00:00:00','44009',1,2,'CEITBA','190.00',0),(101,'nicolasnemirovsky','cb02d8de8ed9088024190ca556965380','Nicolas ','Nemirovsky','neminico@hotmail.com','Scalabrini Ortiz 2844','4804 1828','15 5414 8222',1,'31.604.658',2,'N5-31604658','2012-01-03 00:00:00','44165',1,2,'CEITBA','60.00',0),(102,'AGITBA','ab8c7e66da21afff105e7263fce45206','AGITBA','AGITBA','agitba@itba.edu.ar','','','',2,'',2,'',NULL,'',1,1,'AGITBA','35.00',0),(103,'ceitba','7172cd483c738e6865d2b9fb20635779','Centro de Estudiantes','CEITBA','ceitba@itba.edu.ar','','6393 4800 int 5059','',2,'11111111111',2,'',NULL,'',2,5,'CEITBA','0.00',0),(104,'jgarcia','7c50119153016e55df704b0a0bf4efe8','Jeronimo','Garcia','jeronimosereno@gmail.com','Francisco Bilbao 1419','44315473','1558303737',1,'30594371',1,'B- 068853','2012-01-02 00:00:00','44106',1,6,'CEITBA','70.00',0),(105,'mattl','0985b4d40097411c400f33df79f9683e','Matias','Lertora','matiasn.lertora@gmail.com','Suipacha 987 9 C','','15-5110-7776',1,'31017557',1,'N5-31017557','2012-02-15 00:00:00','44140',1,2,'CEITBA','105.00',0),(106,'alejoh','b47bee8124efaceaf82bc7b9ac3e3454','Alejo','Hegouaburu','alejo802@gmail.com','Viamonte 349 1 F','4311 3728','15 6157 3467',1,'33499231',1,'N5-33499231','2012-03-05 00:00:00','47279',1,2,'CEITBA','40.00',0),(107,'estebankallay','d372f983a52a6058e0f08b6d716ca87e','Esteban','Kallay','estebankallay@gmail.com','Arroyo 897. Buenos Aires','4394 0411','1554935300',1,'31967755',2,'N8-31967755','2010-08-16 00:00:00','46109',1,1,'CEITBA','0.00',0),(108,'meparodi','5ecf28b770864ffd843f101519d5bfee','Maria Eugenia','Parodi','meparodi@ta.telecom.com.ar','','+5411 4968 3227','',1,'21110466',2,'21110466','2007-07-18 00:00:00','98102',1,2,'AGITBA','0.00',0),(109,'juampipera','b9ba74eba0ce81f6108ed1161d475b49','Juan Pedro','Pera','juampipera@hotmail.com','','','1558181474',2,'',1,'----',NULL,'',2,2,'CEITBA','0.00',0),(110,'jogando','e10adc3949ba59abbe56e057f20f883e','Julian','Ogando','julian.ogando@gmail.com','','','',2,'',2,'',NULL,'',2,2,'CEITBA','0.00',0),(111,'abugari','b72e2d1bc642ea9f4b9d41b3d5121e21','Alvaro','Bugari','alvaro_86@hotmail.com','Jose Ingenieros 1218','4790-4124','1558401991',1,'31970237',1,'31970237','2012-12-07 00:00:00','46464',1,2,'CEITBA','0.00',0),(112,'Agustin Coppini','81dc9bdb52d04dc20036dbd8313ed055','Agustin','Coppini','acoppini@gmail.com','Wineberg 3340 La Lucila.','4790-4210','156282-4210',1,'30495936',1,'B167864','2011-10-11 00:00:00','47569',1,2,'CEITBA','75.00',0),(113,'dwahrmann','e10adc3949ba59abbe56e057f20f883e','Daniel','Wahrmann','dwahrmann@gmail.com','','','',2,'',2,'',NULL,'',2,2,'CEITBA','0.00',0),(114,'Cristina Arheit ','e4bfc7ba48946cc1f3e0b56c4c019347','Cristina','Arheit ','crarheit@yahoo.com','','','15 6402 4894',1,'26916540',1,'N5-26916540','2013-01-30 00:00:00','38009',1,2,'AGITBA','100.00',0),(115,'Roisinblit, Gustavo','81dc9bdb52d04dc20036dbd8313ed055','Gustavo','Roisinblit','emotion2000@yahoo.com','Virrey Arredondo 2529 1 piso','4784-3556','',1,'24069144',1,'N5-24069144','2010-02-03 00:00:00','34212',1,2,'CEITBA','15.00',0),(116,'Padin, Exequiel','8e2395c3666bca222f639388fdee63cb','Exequiel','Padin','exepadin@hotmail.com','Guemes 4288 6A, 1425, Capital Federal','4832-5310','',1,'25.374.035',1,'N5-25374035','2011-12-13 00:00:00','37220',1,2,'AGITBA','70.00',0),(117,'jmsp','50326808499dd91321ae1dafd9edb023','José María','Sanchez Pagano','jmsp@itba.edu.ar','','','',2,'',2,'',NULL,'',1,1,'AGITBA','0.00',0),(118,'Delucchi, Diego','f2f4a506d6e889aac8f8ba2b45cdcea9','Diego','Delucchi','ddelucchi@gmail.com','Ibera 1544','000000','15 3175 4914',2,'',1,'N5-25772346','2008-04-11 00:00:00','',1,1,'AGITBA','105.00',0),(119,'Caracciolo,Ignacio','ac4694074ea20a13e4054c884738be0d','Ignacio','Caracciolo','caracciolo@arnet.com.ar','rómulo naon 2026','45551610','1561626099',1,'22278347',1,'n5-22278347','2012-10-16 00:00:00','33051',1,2,'AGITBA','105.00',0),(120,'Fineschi,Matias','e10adc3949ba59abbe56e057f20f883e','Matias','Fineschi','mfinesch@alu.itba.edu.ar','','42244449','155493498',1,'33783288',1,'N5-33783288','2013-01-03 00:00:00','48429',1,2,'CEITBA','35.00',0),(121,'Faura Orzan,Martin','993cc923af5739f961f50434f91ef009','Martin','Faura Orzan','martin.faura@gmail.com','','','1562926611',1,'33698358',1,'N5-33698358','2012-09-10 00:00:00','48121',1,2,'CEITBA','20.00',0),(122,'Gasparini, Ignacio','db8f7c21b70869a50afb1c931a1afdb1','Ignacio','Gasparini','naccios@gmail.com','','43836497','1550200410',1,'25492144',1,'N5-25492144','2010-10-21 00:00:00','37124',1,2,'AGITBA','70.00',0),(123,'abernaciak','81dc9bdb52d04dc20036dbd8313ed055','andres jorge','bernaciak','h3rmit@hotmail.com','mansilla 3021','48215660','15-6579-4927',1,'30369052',1,'',NULL,'43023',1,6,'AGITBA','0.00',0),(124,'CarlosCriado','fcf5bcd77d994460d4f07a0e4853da7e','Carlos','Criado','carlos.criado@gmail.com','','','',2,'',2,'','2013-10-31 00:00:00','',1,1,'AGITBA','0.00',0),(125,'gabrielstella','b0c1b24587eb3a286111c78267ef86e9','Gabriel','Stella','gdstella@gmail.com','','4824-9067','156-470-9598',2,'',2,'',NULL,'',1,2,'CEITBA','0.00',0);
/*!40000 ALTER TABLE `tbl_users` ENABLE KEYS */;
UNLOCK TABLES;
/*!40103 SET TIME_ZONE=@OLD_TIME_ZONE */;

/*!40101 SET SQL_MODE=@OLD_SQL_MODE */;
/*!40014 SET FOREIGN_KEY_CHECKS=@OLD_FOREIGN_KEY_CHECKS */;
/*!40014 SET UNIQUE_CHECKS=@OLD_UNIQUE_CHECKS */;
/*!40101 SET CHARACTER_SET_CLIENT=@OLD_CHARACTER_SET_CLIENT */;
/*!40101 SET CHARACTER_SET_RESULTS=@OLD_CHARACTER_SET_RESULTS */;
/*!40101 SET COLLATION_CONNECTION=@OLD_COLLATION_CONNECTION */;
/*!40111 SET SQL_NOTES=@OLD_SQL_NOTES */;

-- Dump completed on 2009-01-27 12:56:06
